rel_path,label,dataset,subject,cam
videos/NoFALL/ADL_call_cellphone_a04_s01_e01_rgb.mp4,NoFALL,ADL,ADL_s01,
videos/NoFALL/ADL_call_cellphone_a04_s01_e02_rgb.mp4,NoFALL,ADL,ADL_s01,
videos/NoFALL/ADL_call_cellphone_a04_s02_e01_rgb.mp4,NoFALL,ADL,ADL_s02,
videos/NoFALL/ADL_call_cellphone_a04_s02_e02_rgb.mp4,NoFALL,ADL,ADL_s02,
videos/NoFALL/ADL_call_cellphone_a04_s03_e01_rgb.mp4,NoFALL,ADL,ADL_s03,
videos/NoFALL/ADL_call_cellphone_a04_s03_e02_rgb.mp4,NoFALL,ADL,ADL_s03,
videos/NoFALL/ADL_call_cellphone_a04_s04_e01_rgb.mp4,NoFALL,ADL,ADL_s04,
videos/NoFALL/ADL_call_cellphone_a04_s04_e02_rgb.mp4,NoFALL,ADL,ADL_s04,
videos/NoFALL/ADL_call_cellphone_a04_s05_e01_rgb.mp4,NoFALL,ADL,ADL_s05,
videos/NoFALL/ADL_call_cellphone_a04_s05_e02_rgb.mp4,NoFALL,ADL,ADL_s05,
videos/NoFALL/ADL_call_cellphone_a04_s06_e01_rgb.mp4,NoFALL,ADL,ADL_s06,
videos/NoFALL/ADL_call_cellphone_a04_s06_e02_rgb.mp4,NoFALL,ADL,ADL_s06,
videos/NoFALL/ADL_call_cellphone_a04_s07_e01_rgb.mp4,NoFALL,ADL,ADL_s07,
videos/NoFALL/ADL_call_cellphone_a04_s07_e02_rgb.mp4,NoFALL,ADL,ADL_s07,
videos/NoFALL/ADL_call_cellphone_a04_s08_e01_rgb.mp4,NoFALL,ADL,ADL_s08,
videos/NoFALL/ADL_call_cellphone_a04_s08_e02_rgb.mp4,NoFALL,ADL,ADL_s08,
videos/NoFALL/ADL_call_cellphone_a04_s09_e01_rgb.mp4,NoFALL,ADL,ADL_s09,
videos/NoFALL/ADL_call_cellphone_a04_s09_e02_rgb.mp4,NoFALL,ADL,ADL_s09,
videos/NoFALL/ADL_call_cellphone_a04_s10_e01_rgb.mp4,NoFALL,ADL,ADL_s10,
videos/NoFALL/ADL_call_cellphone_a04_s10_e02_rgb.mp4,NoFALL,ADL,ADL_s10,
videos/NoFALL/ADL_cheer_up_a08_s01_e01_rgb.mp4,NoFALL,ADL,ADL_s01,
videos/NoFALL/ADL_cheer_up_a08_s01_e02_rgb.mp4,NoFALL,ADL,ADL_s01,
videos/NoFALL/ADL_cheer_up_a08_s02_e01_rgb.mp4,NoFALL,ADL,ADL_s02,
videos/NoFALL/ADL_cheer_up_a08_s02_e02_rgb.mp4,NoFALL,ADL,ADL_s02,
videos/NoFALL/ADL_cheer_up_a08_s03_e01_rgb.mp4,NoFALL,ADL,ADL_s03,
videos/NoFALL/ADL_cheer_up_a08_s03_e02_rgb.mp4,NoFALL,ADL,ADL_s03,
videos/NoFALL/ADL_cheer_up_a08_s04_e01_rgb.mp4,NoFALL,ADL,ADL_s04,
videos/NoFALL/ADL_cheer_up_a08_s04_e02_rgb.mp4,NoFALL,ADL,ADL_s04,
videos/NoFALL/ADL_cheer_up_a08_s05_e01_rgb.mp4,NoFALL,ADL,ADL_s05,
videos/NoFALL/ADL_cheer_up_a08_s05_e02_rgb.mp4,NoFALL,ADL,ADL_s05,
videos/NoFALL/ADL_cheer_up_a08_s06_e01_rgb.mp4,NoFALL,ADL,ADL_s06,
videos/NoFALL/ADL_cheer_up_a08_s06_e02_rgb.mp4,NoFALL,ADL,ADL_s06,
videos/NoFALL/ADL_cheer_up_a08_s07_e01_rgb.mp4,NoFALL,ADL,ADL_s07,
videos/NoFALL/ADL_cheer_up_a08_s07_e02_rgb.mp4,NoFALL,ADL,ADL_s07,
videos/NoFALL/ADL_cheer_up_a08_s08_e01_rgb.mp4,NoFALL,ADL,ADL_s08,
videos/NoFALL/ADL_cheer_up_a08_s08_e02_rgb.mp4,NoFALL,ADL,ADL_s08,
videos/NoFALL/ADL_cheer_up_a08_s09_e01_rgb.mp4,NoFALL,ADL,ADL_s09,
videos/NoFALL/ADL_cheer_up_a08_s09_e02_rgb.mp4,NoFALL,ADL,ADL_s09,
videos/NoFALL/ADL_cheer_up_a08_s10_e01_rgb.mp4,NoFALL,ADL,ADL_s10,
videos/NoFALL/ADL_cheer_up_a08_s10_e02_rgb.mp4,NoFALL,ADL,ADL_s10,
videos/NoFALL/ADL_drink_a01_s01_e01_rgb.mp4,NoFALL,ADL,ADL_s01,
videos/NoFALL/ADL_drink_a01_s01_e02_rgb.mp4,NoFALL,ADL,ADL_s01,
videos/NoFALL/ADL_drink_a01_s02_e01_rgb.mp4,NoFALL,ADL,ADL_s02,
videos/NoFALL/ADL_drink_a01_s02_e02_rgb.mp4,NoFALL,ADL,ADL_s02,
videos/NoFALL/ADL_drink_a01_s03_e01_rgb.mp4,NoFALL,ADL,ADL_s03,
videos/NoFALL/ADL_drink_a01_s03_e02_rgb.mp4,NoFALL,ADL,ADL_s03,
videos/NoFALL/ADL_drink_a01_s04_e01_rgb.mp4,NoFALL,ADL,ADL_s04,
videos/NoFALL/ADL_drink_a01_s04_e02_rgb.mp4,NoFALL,ADL,ADL_s04,
videos/NoFALL/ADL_drink_a01_s05_e01_rgb.mp4,NoFALL,ADL,ADL_s05,
videos/NoFALL/ADL_drink_a01_s05_e02_rgb.mp4,NoFALL,ADL,ADL_s05,
videos/NoFALL/ADL_drink_a01_s06_e01_rgb.mp4,NoFALL,ADL,ADL_s06,
videos/NoFALL/ADL_drink_a01_s06_e02_rgb.mp4,NoFALL,ADL,ADL_s06,
videos/NoFALL/ADL_drink_a01_s07_e01_rgb.mp4,NoFALL,ADL,ADL_s07,
videos/NoFALL/ADL_drink_a01_s07_e02_rgb.mp4,NoFALL,ADL,ADL_s07,
videos/NoFALL/ADL_drink_a01_s08_e01_rgb.mp4,NoFALL,ADL,ADL_s08,
videos/NoFALL/ADL_drink_a01_s08_e02_rgb.mp4,NoFALL,ADL,ADL_s08,
videos/NoFALL/ADL_drink_a01_s09_e01_rgb.mp4,NoFALL,ADL,ADL_s09,
videos/NoFALL/ADL_drink_a01_s09_e02_rgb.mp4,NoFALL,ADL,ADL_s09,
videos/NoFALL/ADL_drink_a01_s10_e01_rgb.mp4,NoFALL,ADL,ADL_s10,
videos/NoFALL/ADL_drink_a01_s10_e02_rgb.mp4,NoFALL,ADL,ADL_s10,
videos/NoFALL/ADL_eat_a02_s01_e01_rgb.mp4,NoFALL,ADL,ADL_s01,
videos/NoFALL/ADL_eat_a02_s01_e02_rgb.mp4,NoFALL,ADL,ADL_s01,
videos/NoFALL/ADL_eat_a02_s02_e01_rgb.mp4,NoFALL,ADL,ADL_s02,
videos/NoFALL/ADL_eat_a02_s02_e02_rgb.mp4,NoFALL,ADL,ADL_s02,
videos/NoFALL/ADL_eat_a02_s03_e01_rgb.mp4,NoFALL,ADL,ADL_s03,
videos/NoFALL/ADL_eat_a02_s03_e02_rgb.mp4,NoFALL,ADL,ADL_s03,
videos/NoFALL/ADL_eat_a02_s04_e01_rgb.mp4,NoFALL,ADL,ADL_s04,
videos/NoFALL/ADL_eat_a02_s04_e02_rgb.mp4,NoFALL,ADL,ADL_s04,
videos/NoFALL/ADL_eat_a02_s05_e01_rgb.mp4,NoFALL,ADL,ADL_s05,
videos/NoFALL/ADL_eat_a02_s05_e02_rgb.mp4,NoFALL,ADL,ADL_s05,
videos/NoFALL/ADL_eat_a02_s06_e01_rgb.mp4,NoFALL,ADL,ADL_s06,
videos/NoFALL/ADL_eat_a02_s06_e02_rgb.mp4,NoFALL,ADL,ADL_s06,
videos/NoFALL/ADL_eat_a02_s07_e01_rgb.mp4,NoFALL,ADL,ADL_s07,
videos/NoFALL/ADL_eat_a02_s07_e02_rgb.mp4,NoFALL,ADL,ADL_s07,
videos/NoFALL/ADL_eat_a02_s08_e01_rgb.mp4,NoFALL,ADL,ADL_s08,
videos/NoFALL/ADL_eat_a02_s08_e02_rgb.mp4,NoFALL,ADL,ADL_s08,
videos/NoFALL/ADL_eat_a02_s09_e01_rgb.mp4,NoFALL,ADL,ADL_s09,
videos/NoFALL/ADL_eat_a02_s09_e02_rgb.mp4,NoFALL,ADL,ADL_s09,
videos/NoFALL/ADL_eat_a02_s10_e01_rgb.mp4,NoFALL,ADL,ADL_s10,
videos/NoFALL/ADL_eat_a02_s10_e02_rgb.mp4,NoFALL,ADL,ADL_s10,
videos/NoFALL/ADL_lie_down_on_sofa_a12_s01_e01_rgb.mp4,NoFALL,ADL,ADL_s01,
videos/NoFALL/ADL_lie_down_on_sofa_a12_s01_e02_rgb.mp4,NoFALL,ADL,ADL_s01,
videos/NoFALL/ADL_lie_down_on_sofa_a12_s02_e01_rgb.mp4,NoFALL,ADL,ADL_s02,
videos/NoFALL/ADL_lie_down_on_sofa_a12_s02_e02_rgb.mp4,NoFALL,ADL,ADL_s02,
videos/NoFALL/ADL_lie_down_on_sofa_a12_s03_e01_rgb.mp4,NoFALL,ADL,ADL_s03,
videos/NoFALL/ADL_lie_down_on_sofa_a12_s03_e02_rgb.mp4,NoFALL,ADL,ADL_s03,
videos/NoFALL/ADL_lie_down_on_sofa_a12_s04_e01_rgb.mp4,NoFALL,ADL,ADL_s04,
videos/NoFALL/ADL_lie_down_on_sofa_a12_s04_e02_rgb.mp4,NoFALL,ADL,ADL_s04,
videos/NoFALL/ADL_lie_down_on_sofa_a12_s05_e01_rgb.mp4,NoFALL,ADL,ADL_s05,
videos/NoFALL/ADL_lie_down_on_sofa_a12_s05_e02_rgb.mp4,NoFALL,ADL,ADL_s05,
videos/NoFALL/ADL_lie_down_on_sofa_a12_s06_e01_rgb.mp4,NoFALL,ADL,ADL_s06,
videos/NoFALL/ADL_lie_down_on_sofa_a12_s06_e02_rgb.mp4,NoFALL,ADL,ADL_s06,
videos/NoFALL/ADL_lie_down_on_sofa_a12_s07_e01_rgb.mp4,NoFALL,ADL,ADL_s07,
videos/NoFALL/ADL_lie_down_on_sofa_a12_s07_e02_rgb.mp4,NoFALL,ADL,ADL_s07,
videos/NoFALL/ADL_lie_down_on_sofa_a12_s08_e01_rgb.mp4,NoFALL,ADL,ADL_s08,
videos/NoFALL/ADL_lie_down_on_sofa_a12_s08_e02_rgb.mp4,NoFALL,ADL,ADL_s08,
videos/NoFALL/ADL_lie_down_on_sofa_a12_s09_e01_rgb.mp4,NoFALL,ADL,ADL_s09,
videos/NoFALL/ADL_lie_down_on_sofa_a12_s09_e02_rgb.mp4,NoFALL,ADL,ADL_s09,
videos/NoFALL/ADL_lie_down_on_sofa_a12_s10_e01_rgb.mp4,NoFALL,ADL,ADL_s10,
videos/NoFALL/ADL_lie_down_on_sofa_a12_s10_e02_rgb.mp4,NoFALL,ADL,ADL_s10,
videos/NoFALL/ADL_play_game_a11_s01_e01_rgb.mp4,NoFALL,ADL,ADL_s01,
videos/NoFALL/ADL_play_game_a11_s01_e02_rgb.mp4,NoFALL,ADL,ADL_s01,
videos/NoFALL/ADL_play_game_a11_s02_e01_rgb.mp4,NoFALL,ADL,ADL_s02,
videos/NoFALL/ADL_play_game_a11_s02_e02_rgb.mp4,NoFALL,ADL,ADL_s02,
videos/NoFALL/ADL_play_game_a11_s03_e01_rgb.mp4,NoFALL,ADL,ADL_s03,
videos/NoFALL/ADL_play_game_a11_s03_e02_rgb.mp4,NoFALL,ADL,ADL_s03,
videos/NoFALL/ADL_play_game_a11_s04_e01_rgb.mp4,NoFALL,ADL,ADL_s04,
videos/NoFALL/ADL_play_game_a11_s04_e02_rgb.mp4,NoFALL,ADL,ADL_s04,
videos/NoFALL/ADL_play_game_a11_s05_e01_rgb.mp4,NoFALL,ADL,ADL_s05,
videos/NoFALL/ADL_play_game_a11_s05_e02_rgb.mp4,NoFALL,ADL,ADL_s05,
videos/NoFALL/ADL_play_game_a11_s06_e01_rgb.mp4,NoFALL,ADL,ADL_s06,
videos/NoFALL/ADL_play_game_a11_s06_e02_rgb.mp4,NoFALL,ADL,ADL_s06,
videos/NoFALL/ADL_play_game_a11_s07_e01_rgb.mp4,NoFALL,ADL,ADL_s07,
videos/NoFALL/ADL_play_game_a11_s07_e02_rgb.mp4,NoFALL,ADL,ADL_s07,
videos/NoFALL/ADL_play_game_a11_s08_e01_rgb.mp4,NoFALL,ADL,ADL_s08,
videos/NoFALL/ADL_play_game_a11_s08_e02_rgb.mp4,NoFALL,ADL,ADL_s08,
videos/NoFALL/ADL_play_game_a11_s09_e01_rgb.mp4,NoFALL,ADL,ADL_s09,
videos/NoFALL/ADL_play_game_a11_s09_e02_rgb.mp4,NoFALL,ADL,ADL_s09,
videos/NoFALL/ADL_play_game_a11_s10_e01_rgb.mp4,NoFALL,ADL,ADL_s10,
videos/NoFALL/ADL_play_game_a11_s10_e02_rgb.mp4,NoFALL,ADL,ADL_s10,
videos/NoFALL/ADL_play_guitar_a14_s01_e01_rgb.mp4,NoFALL,ADL,ADL_s01,
videos/NoFALL/ADL_play_guitar_a14_s01_e02_rgb.mp4,NoFALL,ADL,ADL_s01,
videos/NoFALL/ADL_play_guitar_a14_s02_e01_rgb.mp4,NoFALL,ADL,ADL_s02,
videos/NoFALL/ADL_play_guitar_a14_s02_e02_rgb.mp4,NoFALL,ADL,ADL_s02,
videos/NoFALL/ADL_play_guitar_a14_s03_e01_rgb.mp4,NoFALL,ADL,ADL_s03,
videos/NoFALL/ADL_play_guitar_a14_s03_e02_rgb.mp4,NoFALL,ADL,ADL_s03,
videos/NoFALL/ADL_play_guitar_a14_s04_e01_rgb.mp4,NoFALL,ADL,ADL_s04,
videos/NoFALL/ADL_play_guitar_a14_s04_e02_rgb.mp4,NoFALL,ADL,ADL_s04,
videos/NoFALL/ADL_play_guitar_a14_s05_e01_rgb.mp4,NoFALL,ADL,ADL_s05,
videos/NoFALL/ADL_play_guitar_a14_s05_e02_rgb.mp4,NoFALL,ADL,ADL_s05,
videos/NoFALL/ADL_play_guitar_a14_s06_e01_rgb.mp4,NoFALL,ADL,ADL_s06,
videos/NoFALL/ADL_play_guitar_a14_s06_e02_rgb.mp4,NoFALL,ADL,ADL_s06,
videos/NoFALL/ADL_play_guitar_a14_s07_e01_rgb.mp4,NoFALL,ADL,ADL_s07,
videos/NoFALL/ADL_play_guitar_a14_s07_e02_rgb.mp4,NoFALL,ADL,ADL_s07,
videos/NoFALL/ADL_play_guitar_a14_s08_e01_rgb.mp4,NoFALL,ADL,ADL_s08,
videos/NoFALL/ADL_play_guitar_a14_s08_e02_rgb.mp4,NoFALL,ADL,ADL_s08,
videos/NoFALL/ADL_play_guitar_a14_s09_e01_rgb.mp4,NoFALL,ADL,ADL_s09,
videos/NoFALL/ADL_play_guitar_a14_s09_e02_rgb.mp4,NoFALL,ADL,ADL_s09,
videos/NoFALL/ADL_play_guitar_a14_s10_e01_rgb.mp4,NoFALL,ADL,ADL_s10,
videos/NoFALL/ADL_play_guitar_a14_s10_e02_rgb.mp4,NoFALL,ADL,ADL_s10,
videos/NoFALL/ADL_read_book_a03_s01_e01_rgb.mp4,NoFALL,ADL,ADL_s01,
videos/NoFALL/ADL_read_book_a03_s01_e02_rgb.mp4,NoFALL,ADL,ADL_s01,
videos/NoFALL/ADL_read_book_a03_s02_e01_rgb.mp4,NoFALL,ADL,ADL_s02,
videos/NoFALL/ADL_read_book_a03_s02_e02_rgb.mp4,NoFALL,ADL,ADL_s02,
videos/NoFALL/ADL_read_book_a03_s03_e01_rgb.mp4,NoFALL,ADL,ADL_s03,
videos/NoFALL/ADL_read_book_a03_s03_e02_rgb.mp4,NoFALL,ADL,ADL_s03,
videos/NoFALL/ADL_read_book_a03_s04_e01_rgb.mp4,NoFALL,ADL,ADL_s04,
videos/NoFALL/ADL_read_book_a03_s04_e02_rgb.mp4,NoFALL,ADL,ADL_s04,
videos/NoFALL/ADL_read_book_a03_s05_e01_rgb.mp4,NoFALL,ADL,ADL_s05,
videos/NoFALL/ADL_read_book_a03_s05_e02_rgb.mp4,NoFALL,ADL,ADL_s05,
videos/NoFALL/ADL_read_book_a03_s06_e01_rgb.mp4,NoFALL,ADL,ADL_s06,
videos/NoFALL/ADL_read_book_a03_s06_e02_rgb.mp4,NoFALL,ADL,ADL_s06,
videos/NoFALL/ADL_read_book_a03_s07_e01_rgb.mp4,NoFALL,ADL,ADL_s07,
videos/NoFALL/ADL_read_book_a03_s07_e02_rgb.mp4,NoFALL,ADL,ADL_s07,
videos/NoFALL/ADL_read_book_a03_s08_e01_rgb.mp4,NoFALL,ADL,ADL_s08,
videos/NoFALL/ADL_read_book_a03_s08_e02_rgb.mp4,NoFALL,ADL,ADL_s08,
videos/NoFALL/ADL_read_book_a03_s09_e01_rgb.mp4,NoFALL,ADL,ADL_s09,
videos/NoFALL/ADL_read_book_a03_s09_e02_rgb.mp4,NoFALL,ADL,ADL_s09,
videos/NoFALL/ADL_read_book_a03_s10_e01_rgb.mp4,NoFALL,ADL,ADL_s10,
videos/NoFALL/ADL_sit_down_a16_s01_e01_rgb.mp4,NoFALL,ADL,ADL_s01,
videos/NoFALL/ADL_sit_down_a16_s01_e02_rgb.mp4,NoFALL,ADL,ADL_s01,
videos/NoFALL/ADL_sit_down_a16_s02_e01_rgb.mp4,NoFALL,ADL,ADL_s02,
videos/NoFALL/ADL_sit_down_a16_s02_e02_rgb.mp4,NoFALL,ADL,ADL_s02,
videos/NoFALL/ADL_sit_down_a16_s03_e01_rgb.mp4,NoFALL,ADL,ADL_s03,
videos/NoFALL/ADL_sit_down_a16_s03_e02_rgb.mp4,NoFALL,ADL,ADL_s03,
videos/NoFALL/ADL_sit_down_a16_s04_e01_rgb.mp4,NoFALL,ADL,ADL_s04,
videos/NoFALL/ADL_sit_down_a16_s04_e02_rgb.mp4,NoFALL,ADL,ADL_s04,
videos/NoFALL/ADL_sit_down_a16_s05_e01_rgb.mp4,NoFALL,ADL,ADL_s05,
videos/NoFALL/ADL_sit_down_a16_s05_e02_rgb.mp4,NoFALL,ADL,ADL_s05,
videos/NoFALL/ADL_sit_down_a16_s06_e01_rgb.mp4,NoFALL,ADL,ADL_s06,
videos/NoFALL/ADL_sit_down_a16_s06_e02_rgb.mp4,NoFALL,ADL,ADL_s06,
videos/NoFALL/ADL_sit_down_a16_s07_e01_rgb.mp4,NoFALL,ADL,ADL_s07,
videos/NoFALL/ADL_sit_down_a16_s07_e02_rgb.mp4,NoFALL,ADL,ADL_s07,
videos/NoFALL/ADL_sit_down_a16_s08_e01_rgb.mp4,NoFALL,ADL,ADL_s08,
videos/NoFALL/ADL_sit_down_a16_s08_e02_rgb.mp4,NoFALL,ADL,ADL_s08,
videos/NoFALL/ADL_sit_down_a16_s09_e01_rgb.mp4,NoFALL,ADL,ADL_s09,
videos/NoFALL/ADL_sit_down_a16_s09_e02_rgb.mp4,NoFALL,ADL,ADL_s09,
videos/NoFALL/ADL_sit_down_a16_s10_e01_rgb.mp4,NoFALL,ADL,ADL_s10,
videos/NoFALL/ADL_sit_down_a16_s10_e02_rgb.mp4,NoFALL,ADL,ADL_s10,
videos/NoFALL/ADL_sit_still_a09_s01_e01_rgb.mp4,NoFALL,ADL,ADL_s01,
videos/NoFALL/ADL_sit_still_a09_s01_e02_rgb.mp4,NoFALL,ADL,ADL_s01,
videos/NoFALL/ADL_sit_still_a09_s02_e01_rgb.mp4,NoFALL,ADL,ADL_s02,
videos/NoFALL/ADL_sit_still_a09_s02_e02_rgb.mp4,NoFALL,ADL,ADL_s02,
videos/NoFALL/ADL_sit_still_a09_s03_e01_rgb.mp4,NoFALL,ADL,ADL_s03,
videos/NoFALL/ADL_sit_still_a09_s03_e02_rgb.mp4,NoFALL,ADL,ADL_s03,
videos/NoFALL/ADL_sit_still_a09_s04_e01_rgb.mp4,NoFALL,ADL,ADL_s04,
videos/NoFALL/ADL_sit_still_a09_s04_e02_rgb.mp4,NoFALL,ADL,ADL_s04,
videos/NoFALL/ADL_sit_still_a09_s05_e01_rgb.mp4,NoFALL,ADL,ADL_s05,
videos/NoFALL/ADL_sit_still_a09_s05_e02_rgb.mp4,NoFALL,ADL,ADL_s05,
videos/NoFALL/ADL_sit_still_a09_s06_e01_rgb.mp4,NoFALL,ADL,ADL_s06,
videos/NoFALL/ADL_sit_still_a09_s06_e02_rgb.mp4,NoFALL,ADL,ADL_s06,
videos/NoFALL/ADL_sit_still_a09_s07_e01_rgb.mp4,NoFALL,ADL,ADL_s07,
videos/NoFALL/ADL_sit_still_a09_s07_e02_rgb.mp4,NoFALL,ADL,ADL_s07,
videos/NoFALL/ADL_sit_still_a09_s08_e01_rgb.mp4,NoFALL,ADL,ADL_s08,
videos/NoFALL/ADL_sit_still_a09_s08_e02_rgb.mp4,NoFALL,ADL,ADL_s08,
videos/NoFALL/ADL_sit_still_a09_s09_e01_rgb.mp4,NoFALL,ADL,ADL_s09,
videos/NoFALL/ADL_sit_still_a09_s09_e02_rgb.mp4,NoFALL,ADL,ADL_s09,
videos/NoFALL/ADL_sit_still_a09_s10_e01_rgb.mp4,NoFALL,ADL,ADL_s10,
videos/NoFALL/ADL_sit_still_a09_s10_e02_rgb.mp4,NoFALL,ADL,ADL_s10,
videos/NoFALL/ADL_stand_up_a15_s01_e01_rgb.mp4,NoFALL,ADL,ADL_s01,
videos/NoFALL/ADL_stand_up_a15_s01_e02_rgb.mp4,NoFALL,ADL,ADL_s01,
videos/NoFALL/ADL_stand_up_a15_s02_e01_rgb.mp4,NoFALL,ADL,ADL_s02,
videos/NoFALL/ADL_stand_up_a15_s02_e02_rgb.mp4,NoFALL,ADL,ADL_s02,
videos/NoFALL/ADL_stand_up_a15_s03_e01_rgb.mp4,NoFALL,ADL,ADL_s03,
videos/NoFALL/ADL_stand_up_a15_s03_e02_rgb.mp4,NoFALL,ADL,ADL_s03,
videos/NoFALL/ADL_stand_up_a15_s04_e01_rgb.mp4,NoFALL,ADL,ADL_s04,
videos/NoFALL/ADL_stand_up_a15_s04_e02_rgb.mp4,NoFALL,ADL,ADL_s04,
videos/NoFALL/ADL_stand_up_a15_s05_e01_rgb.mp4,NoFALL,ADL,ADL_s05,
videos/NoFALL/ADL_stand_up_a15_s05_e02_rgb.mp4,NoFALL,ADL,ADL_s05,
videos/NoFALL/ADL_stand_up_a15_s06_e01_rgb.mp4,NoFALL,ADL,ADL_s06,
videos/NoFALL/ADL_stand_up_a15_s06_e02_rgb.mp4,NoFALL,ADL,ADL_s06,
videos/NoFALL/ADL_stand_up_a15_s07_e01_rgb.mp4,NoFALL,ADL,ADL_s07,
videos/NoFALL/ADL_stand_up_a15_s07_e02_rgb.mp4,NoFALL,ADL,ADL_s07,
videos/NoFALL/ADL_stand_up_a15_s08_e01_rgb.mp4,NoFALL,ADL,ADL_s08,
videos/NoFALL/ADL_stand_up_a15_s08_e02_rgb.mp4,NoFALL,ADL,ADL_s08,
videos/NoFALL/ADL_stand_up_a15_s09_e01_rgb.mp4,NoFALL,ADL,ADL_s09,
videos/NoFALL/ADL_stand_up_a15_s09_e02_rgb.mp4,NoFALL,ADL,ADL_s09,
videos/NoFALL/ADL_stand_up_a15_s10_e01_rgb.mp4,NoFALL,ADL,ADL_s10,
videos/NoFALL/ADL_stand_up_a15_s10_e02_rgb.mp4,NoFALL,ADL,ADL_s10,
videos/NoFALL/ADL_toss_paper_a10_s01_e01_rgb.mp4,NoFALL,ADL,ADL_s01,
videos/NoFALL/ADL_toss_paper_a10_s01_e02_rgb.mp4,NoFALL,ADL,ADL_s01,
videos/NoFALL/ADL_toss_paper_a10_s02_e01_rgb.mp4,NoFALL,ADL,ADL_s02,
videos/NoFALL/ADL_toss_paper_a10_s02_e02_rgb.mp4,NoFALL,ADL,ADL_s02,
videos/NoFALL/ADL_toss_paper_a10_s03_e01_rgb.mp4,NoFALL,ADL,ADL_s03,
videos/NoFALL/ADL_toss_paper_a10_s03_e02_rgb.mp4,NoFALL,ADL,ADL_s03,
videos/NoFALL/ADL_toss_paper_a10_s04_e01_rgb.mp4,NoFALL,ADL,ADL_s04,
videos/NoFALL/ADL_toss_paper_a10_s04_e02_rgb.mp4,NoFALL,ADL,ADL_s04,
videos/NoFALL/ADL_toss_paper_a10_s05_e01_rgb.mp4,NoFALL,ADL,ADL_s05,
videos/NoFALL/ADL_toss_paper_a10_s05_e02_rgb.mp4,NoFALL,ADL,ADL_s05,
videos/NoFALL/ADL_toss_paper_a10_s06_e01_rgb.mp4,NoFALL,ADL,ADL_s06,
videos/NoFALL/ADL_toss_paper_a10_s06_e02_rgb.mp4,NoFALL,ADL,ADL_s06,
videos/NoFALL/ADL_toss_paper_a10_s07_e01_rgb.mp4,NoFALL,ADL,ADL_s07,
videos/NoFALL/ADL_toss_paper_a10_s07_e02_rgb.mp4,NoFALL,ADL,ADL_s07,
videos/NoFALL/ADL_toss_paper_a10_s08_e01_rgb.mp4,NoFALL,ADL,ADL_s08,
videos/NoFALL/ADL_toss_paper_a10_s08_e02_rgb.mp4,NoFALL,ADL,ADL_s08,
videos/NoFALL/ADL_toss_paper_a10_s09_e01_rgb.mp4,NoFALL,ADL,ADL_s09,
videos/NoFALL/ADL_toss_paper_a10_s09_e02_rgb.mp4,NoFALL,ADL,ADL_s09,
videos/NoFALL/ADL_toss_paper_a10_s10_e01_rgb.mp4,NoFALL,ADL,ADL_s10,
videos/NoFALL/ADL_toss_paper_a10_s10_e02_rgb.mp4,NoFALL,ADL,ADL_s10,
videos/NoFALL/ADL_use_laptop_a06_s01_e01_rgb.mp4,NoFALL,ADL,ADL_s01,
videos/NoFALL/ADL_use_laptop_a06_s01_e02_rgb.mp4,NoFALL,ADL,ADL_s01,
videos/NoFALL/ADL_use_laptop_a06_s02_e01_rgb.mp4,NoFALL,ADL,ADL_s02,
videos/NoFALL/ADL_use_laptop_a06_s02_e02_rgb.mp4,NoFALL,ADL,ADL_s02,
videos/NoFALL/ADL_use_laptop_a06_s03_e01_rgb.mp4,NoFALL,ADL,ADL_s03,
videos/NoFALL/ADL_use_laptop_a06_s03_e02_rgb.mp4,NoFALL,ADL,ADL_s03,
videos/NoFALL/ADL_use_laptop_a06_s04_e01_rgb.mp4,NoFALL,ADL,ADL_s04,
videos/NoFALL/ADL_use_laptop_a06_s04_e02_rgb.mp4,NoFALL,ADL,ADL_s04,
videos/NoFALL/ADL_use_laptop_a06_s05_e01_rgb.mp4,NoFALL,ADL,ADL_s05,
videos/NoFALL/ADL_use_laptop_a06_s05_e02_rgb.mp4,NoFALL,ADL,ADL_s05,
videos/NoFALL/ADL_use_laptop_a06_s06_e01_rgb.mp4,NoFALL,ADL,ADL_s06,
videos/NoFALL/ADL_use_laptop_a06_s06_e02_rgb.mp4,NoFALL,ADL,ADL_s06,
videos/NoFALL/ADL_use_laptop_a06_s07_e01_rgb.mp4,NoFALL,ADL,ADL_s07,
videos/NoFALL/ADL_use_laptop_a06_s07_e02_rgb.mp4,NoFALL,ADL,ADL_s07,
videos/NoFALL/ADL_use_laptop_a06_s08_e01_rgb.mp4,NoFALL,ADL,ADL_s08,
videos/NoFALL/ADL_use_laptop_a06_s08_e02_rgb.mp4,NoFALL,ADL,ADL_s08,
videos/NoFALL/ADL_use_laptop_a06_s09_e01_rgb.mp4,NoFALL,ADL,ADL_s09,
videos/NoFALL/ADL_use_laptop_a06_s09_e02_rgb.mp4,NoFALL,ADL,ADL_s09,
videos/NoFALL/ADL_use_laptop_a06_s10_e01_rgb.mp4,NoFALL,ADL,ADL_s10,
videos/NoFALL/ADL_use_laptop_a06_s10_e02_rgb.mp4,NoFALL,ADL,ADL_s10,
videos/NoFALL/ADL_use_vacuum_cleaner_a07_s01_e01_rgb.mp4,NoFALL,ADL,ADL_s01,
videos/NoFALL/ADL_use_vacuum_cleaner_a07_s01_e02_rgb.mp4,NoFALL,ADL,ADL_s01,
videos/NoFALL/ADL_use_vacuum_cleaner_a07_s02_e01_rgb.mp4,NoFALL,ADL,ADL_s02,
videos/NoFALL/ADL_use_vacuum_cleaner_a07_s02_e02_rgb.mp4,NoFALL,ADL,ADL_s02,
videos/NoFALL/ADL_use_vacuum_cleaner_a07_s03_e01_rgb.mp4,NoFALL,ADL,ADL_s03,
videos/NoFALL/ADL_use_vacuum_cleaner_a07_s03_e02_rgb.mp4,NoFALL,ADL,ADL_s03,
videos/NoFALL/ADL_use_vacuum_cleaner_a07_s04_e01_rgb.mp4,NoFALL,ADL,ADL_s04,
videos/NoFALL/ADL_use_vacuum_cleaner_a07_s04_e02_rgb.mp4,NoFALL,ADL,ADL_s04,
videos/NoFALL/ADL_use_vacuum_cleaner_a07_s05_e01_rgb.mp4,NoFALL,ADL,ADL_s05,
videos/NoFALL/ADL_use_vacuum_cleaner_a07_s05_e02_rgb.mp4,NoFALL,ADL,ADL_s05,
videos/NoFALL/ADL_use_vacuum_cleaner_a07_s06_e01_rgb.mp4,NoFALL,ADL,ADL_s06,
videos/NoFALL/ADL_use_vacuum_cleaner_a07_s06_e02_rgb.mp4,NoFALL,ADL,ADL_s06,
videos/NoFALL/ADL_use_vacuum_cleaner_a07_s07_e01_rgb.mp4,NoFALL,ADL,ADL_s07,
videos/NoFALL/ADL_use_vacuum_cleaner_a07_s07_e02_rgb.mp4,NoFALL,ADL,ADL_s07,
videos/NoFALL/ADL_use_vacuum_cleaner_a07_s08_e01_rgb.mp4,NoFALL,ADL,ADL_s08,
videos/NoFALL/ADL_use_vacuum_cleaner_a07_s08_e02_rgb.mp4,NoFALL,ADL,ADL_s08,
videos/NoFALL/ADL_use_vacuum_cleaner_a07_s09_e01_rgb.mp4,NoFALL,ADL,ADL_s09,
videos/NoFALL/ADL_use_vacuum_cleaner_a07_s09_e02_rgb.mp4,NoFALL,ADL,ADL_s09,
videos/NoFALL/ADL_use_vacuum_cleaner_a07_s10_e01_rgb.mp4,NoFALL,ADL,ADL_s10,
videos/NoFALL/ADL_use_vacuum_cleaner_a07_s10_e02_rgb.mp4,NoFALL,ADL,ADL_s10,
videos/NoFALL/ADL_walk_a13_s01_e01_rgb.mp4,NoFALL,ADL,ADL_s01,
videos/NoFALL/ADL_walk_a13_s01_e02_rgb.mp4,NoFALL,ADL,ADL_s01,
videos/NoFALL/ADL_walk_a13_s02_e01_rgb.mp4,NoFALL,ADL,ADL_s02,
videos/NoFALL/ADL_walk_a13_s02_e02_rgb.mp4,NoFALL,ADL,ADL_s02,
videos/NoFALL/ADL_walk_a13_s03_e01_rgb.mp4,NoFALL,ADL,ADL_s03,
videos/NoFALL/ADL_walk_a13_s03_e02_rgb.mp4,NoFALL,ADL,ADL_s03,
videos/NoFALL/ADL_walk_a13_s04_e01_rgb.mp4,NoFALL,ADL,ADL_s04,
videos/NoFALL/ADL_walk_a13_s04_e02_rgb.mp4,NoFALL,ADL,ADL_s04,
videos/NoFALL/ADL_walk_a13_s05_e01_rgb.mp4,NoFALL,ADL,ADL_s05,
videos/NoFALL/ADL_walk_a13_s05_e02_rgb.mp4,NoFALL,ADL,ADL_s05,
videos/NoFALL/ADL_walk_a13_s06_e01_rgb.mp4,NoFALL,ADL,ADL_s06,
videos/NoFALL/ADL_walk_a13_s06_e02_rgb.mp4,NoFALL,ADL,ADL_s06,
videos/NoFALL/ADL_walk_a13_s07_e01_rgb.mp4,NoFALL,ADL,ADL_s07,
videos/NoFALL/ADL_walk_a13_s07_e02_rgb.mp4,NoFALL,ADL,ADL_s07,
videos/NoFALL/ADL_walk_a13_s08_e01_rgb.mp4,NoFALL,ADL,ADL_s08,
videos/NoFALL/ADL_walk_a13_s08_e02_rgb.mp4,NoFALL,ADL,ADL_s08,
videos/NoFALL/ADL_walk_a13_s09_e01_rgb.mp4,NoFALL,ADL,ADL_s09,
videos/NoFALL/ADL_walk_a13_s09_e02_rgb.mp4,NoFALL,ADL,ADL_s09,
videos/NoFALL/ADL_walk_a13_s10_e01_rgb.mp4,NoFALL,ADL,ADL_s10,
videos/NoFALL/ADL_walk_a13_s10_e02_rgb.mp4,NoFALL,ADL,ADL_s10,
videos/NoFALL/ADL_write_on_a_paper_a05_s01_e01_rgb.mp4,NoFALL,ADL,ADL_s01,
videos/NoFALL/ADL_write_on_a_paper_a05_s01_e02_rgb.mp4,NoFALL,ADL,ADL_s01,
videos/NoFALL/ADL_write_on_a_paper_a05_s02_e01_rgb.mp4,NoFALL,ADL,ADL_s02,
videos/NoFALL/ADL_write_on_a_paper_a05_s02_e02_rgb.mp4,NoFALL,ADL,ADL_s02,
videos/NoFALL/ADL_write_on_a_paper_a05_s03_e01_rgb.mp4,NoFALL,ADL,ADL_s03,
videos/NoFALL/ADL_write_on_a_paper_a05_s03_e02_rgb.mp4,NoFALL,ADL,ADL_s03,
videos/NoFALL/ADL_write_on_a_paper_a05_s04_e01_rgb.mp4,NoFALL,ADL,ADL_s04,
videos/NoFALL/ADL_write_on_a_paper_a05_s04_e02_rgb.mp4,NoFALL,ADL,ADL_s04,
videos/NoFALL/ADL_write_on_a_paper_a05_s05_e01_rgb.mp4,NoFALL,ADL,ADL_s05,
videos/NoFALL/ADL_write_on_a_paper_a05_s05_e02_rgb.mp4,NoFALL,ADL,ADL_s05,
videos/NoFALL/ADL_write_on_a_paper_a05_s06_e01_rgb.mp4,NoFALL,ADL,ADL_s06,
videos/NoFALL/ADL_write_on_a_paper_a05_s06_e02_rgb.mp4,NoFALL,ADL,ADL_s06,
videos/NoFALL/ADL_write_on_a_paper_a05_s07_e01_rgb.mp4,NoFALL,ADL,ADL_s07,
videos/NoFALL/ADL_write_on_a_paper_a05_s07_e02_rgb.mp4,NoFALL,ADL,ADL_s07,
videos/NoFALL/ADL_write_on_a_paper_a05_s08_e01_rgb.mp4,NoFALL,ADL,ADL_s08,
videos/NoFALL/ADL_write_on_a_paper_a05_s08_e02_rgb.mp4,NoFALL,ADL,ADL_s08,
videos/NoFALL/ADL_write_on_a_paper_a05_s09_e01_rgb.mp4,NoFALL,ADL,ADL_s09,
videos/NoFALL/ADL_write_on_a_paper_a05_s09_e02_rgb.mp4,NoFALL,ADL,ADL_s09,
videos/NoFALL/ADL_write_on_a_paper_a05_s10_e01_rgb.mp4,NoFALL,ADL,ADL_s10,
videos/NoFALL/ADL_write_on_a_paper_a05_s10_e02_rgb.mp4,NoFALL,ADL,ADL_s10,
videos/FALL/CAUCAFall_Subject.1_Fall_backwards_FallBackwardsS1.mp4,FALL,CAUCAFall,CAUCA_s1,
videos/FALL/CAUCAFall_Subject.1_Fall_forward_FallForwardS1.mp4,FALL,CAUCAFall,CAUCA_s1,
videos/FALL/CAUCAFall_Subject.1_Fall_left_FallLeftS1.mp4,FALL,CAUCAFall,CAUCA_s1,
videos/FALL/CAUCAFall_Subject.1_Fall_right_FallRightS1.mp4,FALL,CAUCAFall,CAUCA_s1,
videos/FALL/CAUCAFall_Subject.1_Fall_sitting_FallSittingS1.mp4,FALL,CAUCAFall,CAUCA_s1,
videos/NoFALL/CAUCAFall_Subject.1_Hop_HopS1.mp4,NoFALL,CAUCAFall,CAUCA_s1,
videos/NoFALL/CAUCAFall_Subject.1_Kneel_KneelS1.mp4,NoFALL,CAUCAFall,CAUCA_s1,
videos/NoFALL/CAUCAFall_Subject.1_Pick_up_object_PickupobjectS1.mp4,NoFALL,CAUCAFall,CAUCA_s1,
videos/NoFALL/CAUCAFall_Subject.1_Sit_down_SitDownS1.mp4,NoFALL,CAUCAFall,CAUCA_s1,
videos/NoFALL/CAUCAFall_Subject.1_Walk_WalkS1.mp4,NoFALL,CAUCAFall,CAUCA_s1,
videos/FALL/CAUCAFall_Subject.10_Fall_backwards_FallBackwardsS10.mp4,FALL,CAUCAFall,CAUCA_s10,
videos/FALL/CAUCAFall_Subject.10_Fall_forward_FallForwardS10.mp4,FALL,CAUCAFall,CAUCA_s10,
videos/FALL/CAUCAFall_Subject.10_Fall_left_FallLeftS10.mp4,FALL,CAUCAFall,CAUCA_s10,
videos/FALL/CAUCAFall_Subject.10_Fall_right_FallRightS10.mp4,FALL,CAUCAFall,CAUCA_s10,
videos/FALL/CAUCAFall_Subject.10_Fall_sitting_FallSittingS10.mp4,FALL,CAUCAFall,CAUCA_s10,
videos/NoFALL/CAUCAFall_Subject.10_Hop_HopS10.mp4,NoFALL,CAUCAFall,CAUCA_s10,
videos/NoFALL/CAUCAFall_Subject.10_Kneel_KneelS10.mp4,NoFALL,CAUCAFall,CAUCA_s10,
videos/NoFALL/CAUCAFall_Subject.10_Pick_up_object_PickupobjectS10.mp4,NoFALL,CAUCAFall,CAUCA_s10,
videos/NoFALL/CAUCAFall_Subject.10_Sit_down_SitDownS10.mp4,NoFALL,CAUCAFall,CAUCA_s10,
videos/NoFALL/CAUCAFall_Subject.10_Walk_WalkS10.mp4,NoFALL,CAUCAFall,CAUCA_s10,
videos/FALL/CAUCAFall_Subject.2_Fall_backwards_FallBackwardsS2.mp4,FALL,CAUCAFall,CAUCA_s2,
videos/FALL/CAUCAFall_Subject.2_Fall_forward_FallForwardS2.mp4,FALL,CAUCAFall,CAUCA_s2,
videos/FALL/CAUCAFall_Subject.2_Fall_left_FallLeftS2.mp4,FALL,CAUCAFall,CAUCA_s2,
videos/FALL/CAUCAFall_Subject.2_Fall_right_FallRightS2.mp4,FALL,CAUCAFall,CAUCA_s2,
videos/FALL/CAUCAFall_Subject.2_Fall_sitting_FallSittingS2.mp4,FALL,CAUCAFall,CAUCA_s2,
videos/NoFALL/CAUCAFall_Subject.2_Hop_HopS2.mp4,NoFALL,CAUCAFall,CAUCA_s2,
videos/NoFALL/CAUCAFall_Subject.2_Kneel_KneelS2.mp4,NoFALL,CAUCAFall,CAUCA_s2,
videos/NoFALL/CAUCAFall_Subject.2_Pick_up_object_PickupobjectS2.mp4,NoFALL,CAUCAFall,CAUCA_s2,
videos/NoFALL/CAUCAFall_Subject.2_Sit_down_SitDownS2.mp4,NoFALL,CAUCAFall,CAUCA_s2,
videos/NoFALL/CAUCAFall_Subject.2_Walk_WalkS2.mp4,NoFALL,CAUCAFall,CAUCA_s2,
videos/FALL/CAUCAFall_Subject.3_Fall_backwards_FallBackwardsS3.mp4,FALL,CAUCAFall,CAUCA_s3,
videos/FALL/CAUCAFall_Subject.3_Fall_forward_FallForwardS3.mp4,FALL,CAUCAFall,CAUCA_s3,
videos/FALL/CAUCAFall_Subject.3_Fall_left_FallLeftS3.mp4,FALL,CAUCAFall,CAUCA_s3,
videos/FALL/CAUCAFall_Subject.3_Fall_right_FallRightS3.mp4,FALL,CAUCAFall,CAUCA_s3,
videos/FALL/CAUCAFall_Subject.3_Fall_sitting_FallSittingS3.mp4,FALL,CAUCAFall,CAUCA_s3,
videos/NoFALL/CAUCAFall_Subject.3_Hop_HopS3.mp4,NoFALL,CAUCAFall,CAUCA_s3,
videos/NoFALL/CAUCAFall_Subject.3_Kneel_KneelS3.mp4,NoFALL,CAUCAFall,CAUCA_s3,
videos/NoFALL/CAUCAFall_Subject.3_Pick_up_object_PickupobjectS3.mp4,NoFALL,CAUCAFall,CAUCA_s3,
videos/NoFALL/CAUCAFall_Subject.3_Sit_down_SitDownS3.mp4,NoFALL,CAUCAFall,CAUCA_s3,
videos/NoFALL/CAUCAFall_Subject.3_Walk_WalkS3.mp4,NoFALL,CAUCAFall,CAUCA_s3,
videos/FALL/CAUCAFall_Subject.4_Fall_backwards_FallBackwardsS4.mp4,FALL,CAUCAFall,CAUCA_s4,
videos/FALL/CAUCAFall_Subject.4_Fall_forward_FallForwardS4.mp4,FALL,CAUCAFall,CAUCA_s4,
videos/FALL/CAUCAFall_Subject.4_Fall_left_FallLeftS4.mp4,FALL,CAUCAFall,CAUCA_s4,
videos/FALL/CAUCAFall_Subject.4_Fall_right_FallRightS4.mp4,FALL,CAUCAFall,CAUCA_s4,
videos/FALL/CAUCAFall_Subject.4_Fall_sitting_FallSittingS4.mp4,FALL,CAUCAFall,CAUCA_s4,
videos/NoFALL/CAUCAFall_Subject.4_Hop_HopS4.mp4,NoFALL,CAUCAFall,CAUCA_s4,
videos/NoFALL/CAUCAFall_Subject.4_Kneel_KneelS4.mp4,NoFALL,CAUCAFall,CAUCA_s4,
videos/NoFALL/CAUCAFall_Subject.4_Pick_up_object_PickupobjectS4.mp4,NoFALL,CAUCAFall,CAUCA_s4,
videos/NoFALL/CAUCAFall_Subject.4_Sit_down_SitDownS4.mp4,NoFALL,CAUCAFall,CAUCA_s4,
videos/NoFALL/CAUCAFall_Subject.4_Walk_WalkS4.mp4,NoFALL,CAUCAFall,CAUCA_s4,
videos/FALL/CAUCAFall_Subject.5_Fall_backwards_FallBackwardsS5.mp4,FALL,CAUCAFall,CAUCA_s5,
videos/FALL/CAUCAFall_Subject.5_Fall_forward_FallForwardS5.mp4,FALL,CAUCAFall,CAUCA_s5,
videos/FALL/CAUCAFall_Subject.5_Fall_left_FallLeftS5.mp4,FALL,CAUCAFall,CAUCA_s5,
videos/FALL/CAUCAFall_Subject.5_Fall_right_FallRightS5.mp4,FALL,CAUCAFall,CAUCA_s5,
videos/FALL/CAUCAFall_Subject.5_Fall_sitting_FallSittingS5.mp4,FALL,CAUCAFall,CAUCA_s5,
videos/NoFALL/CAUCAFall_Subject.5_Hop_HopS5.mp4,NoFALL,CAUCAFall,CAUCA_s5,
videos/NoFALL/CAUCAFall_Subject.5_Kneel_KneelS5.mp4,NoFALL,CAUCAFall,CAUCA_s5,
videos/NoFALL/CAUCAFall_Subject.5_Pick_up_object_PickupobjectS5.mp4,NoFALL,CAUCAFall,CAUCA_s5,
videos/NoFALL/CAUCAFall_Subject.5_Sit_down_SitDownS5.mp4,NoFALL,CAUCAFall,CAUCA_s5,
videos/NoFALL/CAUCAFall_Subject.5_Walk_WalkS5.mp4,NoFALL,CAUCAFall,CAUCA_s5,
videos/FALL/CAUCAFall_Subject.6_Fall_backwards_FallBackwardsS6.mp4,FALL,CAUCAFall,CAUCA_s6,
videos/FALL/CAUCAFall_Subject.6_Fall_forward_FallForwardS6.mp4,FALL,CAUCAFall,CAUCA_s6,
videos/FALL/CAUCAFall_Subject.6_Fall_left_FallLeftS6.mp4,FALL,CAUCAFall,CAUCA_s6,
videos/FALL/CAUCAFall_Subject.6_Fall_right_FallRightS6.mp4,FALL,CAUCAFall,CAUCA_s6,
videos/FALL/CAUCAFall_Subject.6_Fall_sitting_FallSittingS6.mp4,FALL,CAUCAFall,CAUCA_s6,
videos/NoFALL/CAUCAFall_Subject.6_Hop_HopS6.mp4,NoFALL,CAUCAFall,CAUCA_s6,
videos/NoFALL/CAUCAFall_Subject.6_Kneel_KneelS6.mp4,NoFALL,CAUCAFall,CAUCA_s6,
videos/NoFALL/CAUCAFall_Subject.6_Pick_up_object_PickupobjectS6.mp4,NoFALL,CAUCAFall,CAUCA_s6,
videos/NoFALL/CAUCAFall_Subject.6_Sit_down_SitDownS6.mp4,NoFALL,CAUCAFall,CAUCA_s6,
videos/NoFALL/CAUCAFall_Subject.6_Walk_WalkS6.mp4,NoFALL,CAUCAFall,CAUCA_s6,
videos/FALL/CAUCAFall_Subject.7_Fall_backwards_FallBackwardsS7.mp4,FALL,CAUCAFall,CAUCA_s7,
videos/FALL/CAUCAFall_Subject.7_Fall_forward_FallForwardS7.mp4,FALL,CAUCAFall,CAUCA_s7,
videos/FALL/CAUCAFall_Subject.7_Fall_left_FallLeftS7.mp4,FALL,CAUCAFall,CAUCA_s7,
videos/FALL/CAUCAFall_Subject.7_Fall_right_FallRightS7.mp4,FALL,CAUCAFall,CAUCA_s7,
videos/FALL/CAUCAFall_Subject.7_Fall_sitting_FallSittingS7.mp4,FALL,CAUCAFall,CAUCA_s7,
videos/NoFALL/CAUCAFall_Subject.7_Hop_HopS7.mp4,NoFALL,CAUCAFall,CAUCA_s7,
videos/NoFALL/CAUCAFall_Subject.7_Kneel_KneelS7.mp4,NoFALL,CAUCAFall,CAUCA_s7,
videos/NoFALL/CAUCAFall_Subject.7_Pick_up_object_PickupobjectS7.mp4,NoFALL,CAUCAFall,CAUCA_s7,
videos/NoFALL/CAUCAFall_Subject.7_Sit_down_SitDownS7.mp4,NoFALL,CAUCAFall,CAUCA_s7,
videos/NoFALL/CAUCAFall_Subject.7_Walk_WalkS7.mp4,NoFALL,CAUCAFall,CAUCA_s7,
videos/FALL/CAUCAFall_Subject.8_Fall_backwards_FallBackwardsS8.mp4,FALL,CAUCAFall,CAUCA_s8,
videos/FALL/CAUCAFall_Subject.8_Fall_forward_FallForwardS8.mp4,FALL,CAUCAFall,CAUCA_s8,
videos/FALL/CAUCAFall_Subject.8_Fall_left_FallLeftS8.mp4,FALL,CAUCAFall,CAUCA_s8,
videos/FALL/CAUCAFall_Subject.8_Fall_right_FallRightS8.mp4,FALL,CAUCAFall,CAUCA_s8,
videos/FALL/CAUCAFall_Subject.8_Fall_sitting_FallSittingS8.mp4,FALL,CAUCAFall,CAUCA_s8,
videos/NoFALL/CAUCAFall_Subject.8_Hop_HopS8.mp4,NoFALL,CAUCAFall,CAUCA_s8,
videos/NoFALL/CAUCAFall_Subject.8_Kneel_KneelS8.mp4,NoFALL,CAUCAFall,CAUCA_s8,
videos/NoFALL/CAUCAFall_Subject.8_Pick_up_object_PickupobjectS8.mp4,NoFALL,CAUCAFall,CAUCA_s8,
videos/NoFALL/CAUCAFall_Subject.8_Sit_down_SitDownS8.mp4,NoFALL,CAUCAFall,CAUCA_s8,
videos/NoFALL/CAUCAFall_Subject.8_Walk_WalkS8.mp4,NoFALL,CAUCAFall,CAUCA_s8,
videos/FALL/CAUCAFall_Subject.9_Fall_backwards_FallBackwardsS9.mp4,FALL,CAUCAFall,CAUCA_s9,
videos/FALL/CAUCAFall_Subject.9_Fall_forward_FallForwardS9.mp4,FALL,CAUCAFall,CAUCA_s9,
videos/FALL/CAUCAFall_Subject.9_Fall_left_FallLeftS9.mp4,FALL,CAUCAFall,CAUCA_s9,
videos/FALL/CAUCAFall_Subject.9_Fall_right_FallRightS9.mp4,FALL,CAUCAFall,CAUCA_s9,
videos/FALL/CAUCAFall_Subject.9_Fall_sitting_FallSittingS9.mp4,FALL,CAUCAFall,CAUCA_s9,
videos/NoFALL/CAUCAFall_Subject.9_Hop_HopS9.mp4,NoFALL,CAUCAFall,CAUCA_s9,
videos/NoFALL/CAUCAFall_Subject.9_Kneel_KneelS9.mp4,NoFALL,CAUCAFall,CAUCA_s9,
videos/NoFALL/CAUCAFall_Subject.9_Pick_up_object_PickupobjectS9.mp4,NoFALL,CAUCAFall,CAUCA_s9,
videos/NoFALL/CAUCAFall_Subject.9_Sit_down_SitDownS9.mp4,NoFALL,CAUCAFall,CAUCA_s9,
videos/NoFALL/CAUCAFall_Subject.9_Walk_WalkS9.mp4,NoFALL,CAUCAFall,CAUCA_s9,
videos/FALL/FallAction_Butt_fall_b1.mp4,FALL,FallAction,FallAction_FallAction/Butt_fall/b1,
videos/FALL/FallAction_Butt_fall_b10.mp4,FALL,FallAction,FallAction_FallAction/Butt_fall/b10,
videos/FALL/FallAction_Butt_fall_b11.mp4,FALL,FallAction,FallAction_FallAction/Butt_fall/b11,
videos/FALL/FallAction_Butt_fall_b12.mp4,FALL,FallAction,FallAction_FallAction/Butt_fall/b12,
videos/FALL/FallAction_Butt_fall_b13.mp4,FALL,FallAction,FallAction_FallAction/Butt_fall/b13,
videos/FALL/FallAction_Butt_fall_b14.mp4,FALL,FallAction,FallAction_FallAction/Butt_fall/b14,
videos/FALL/FallAction_Butt_fall_b15.mp4,FALL,FallAction,FallAction_FallAction/Butt_fall/b15,
videos/FALL/FallAction_Butt_fall_b16.mp4,FALL,FallAction,FallAction_FallAction/Butt_fall/b16,
videos/FALL/FallAction_Butt_fall_b17.mp4,FALL,FallAction,FallAction_FallAction/Butt_fall/b17,
videos/FALL/FallAction_Butt_fall_b18.mp4,FALL,FallAction,FallAction_FallAction/Butt_fall/b18,
videos/FALL/FallAction_Butt_fall_b19.mp4,FALL,FallAction,FallAction_FallAction/Butt_fall/b19,
videos/FALL/FallAction_Butt_fall_b2.mp4,FALL,FallAction,FallAction_FallAction/Butt_fall/b2,
videos/FALL/FallAction_Butt_fall_b20.mp4,FALL,FallAction,FallAction_FallAction/Butt_fall/b20,
videos/FALL/FallAction_Butt_fall_b21.mp4,FALL,FallAction,FallAction_FallAction/Butt_fall/b21,
videos/FALL/FallAction_Butt_fall_b22.mp4,FALL,FallAction,FallAction_FallAction/Butt_fall/b22,
videos/FALL/FallAction_Butt_fall_b23.mp4,FALL,FallAction,FallAction_FallAction/Butt_fall/b23,
videos/FALL/FallAction_Butt_fall_b24.mp4,FALL,FallAction,FallAction_FallAction/Butt_fall/b24,
videos/FALL/FallAction_Butt_fall_b25.mp4,FALL,FallAction,FallAction_FallAction/Butt_fall/b25,
videos/FALL/FallAction_Butt_fall_b26.mp4,FALL,FallAction,FallAction_FallAction/Butt_fall/b26,
videos/FALL/FallAction_Butt_fall_b27.mp4,FALL,FallAction,FallAction_FallAction/Butt_fall/b27,
videos/FALL/FallAction_Butt_fall_b28.mp4,FALL,FallAction,FallAction_FallAction/Butt_fall/b28,
videos/FALL/FallAction_Butt_fall_b3.mp4,FALL,FallAction,FallAction_FallAction/Butt_fall/b3,
videos/FALL/FallAction_Butt_fall_b30.mp4,FALL,FallAction,FallAction_FallAction/Butt_fall/b30,
videos/FALL/FallAction_Butt_fall_b31.mp4,FALL,FallAction,FallAction_FallAction/Butt_fall/b31,
videos/FALL/FallAction_Butt_fall_b32.mp4,FALL,FallAction,FallAction_FallAction/Butt_fall/b32,
videos/FALL/FallAction_Butt_fall_b33.mp4,FALL,FallAction,FallAction_FallAction/Butt_fall/b33,
videos/FALL/FallAction_Butt_fall_b34.mp4,FALL,FallAction,FallAction_FallAction/Butt_fall/b34,
videos/FALL/FallAction_Butt_fall_b35.mp4,FALL,FallAction,FallAction_FallAction/Butt_fall/b35,
videos/FALL/FallAction_Butt_fall_b36.mp4,FALL,FallAction,FallAction_FallAction/Butt_fall/b36,
videos/FALL/FallAction_Butt_fall_b37.mp4,FALL,FallAction,FallAction_FallAction/Butt_fall/b37,
videos/FALL/FallAction_Butt_fall_b38.mp4,FALL,FallAction,FallAction_FallAction/Butt_fall/b38,
videos/FALL/FallAction_Butt_fall_b39.mp4,FALL,FallAction,FallAction_FallAction/Butt_fall/b39,
videos/FALL/FallAction_Butt_fall_b4.mp4,FALL,FallAction,FallAction_FallAction/Butt_fall/b4,
videos/FALL/FallAction_Butt_fall_b40.mp4,FALL,FallAction,FallAction_FallAction/Butt_fall/b40,
videos/FALL/FallAction_Butt_fall_b41.mp4,FALL,FallAction,FallAction_FallAction/Butt_fall/b41,
videos/FALL/FallAction_Butt_fall_b42.mp4,FALL,FallAction,FallAction_FallAction/Butt_fall/b42,
videos/FALL/FallAction_Butt_fall_b43.mp4,FALL,FallAction,FallAction_FallAction/Butt_fall/b43,
videos/FALL/FallAction_Butt_fall_b44.mp4,FALL,FallAction,FallAction_FallAction/Butt_fall/b44,
videos/FALL/FallAction_Butt_fall_b45.mp4,FALL,FallAction,FallAction_FallAction/Butt_fall/b45,
videos/FALL/FallAction_Butt_fall_b46.mp4,FALL,FallAction,FallAction_FallAction/Butt_fall/b46,
videos/FALL/FallAction_Butt_fall_b47.mp4,FALL,FallAction,FallAction_FallAction/Butt_fall/b47,
videos/FALL/FallAction_Butt_fall_b48.mp4,FALL,FallAction,FallAction_FallAction/Butt_fall/b48,
videos/FALL/FallAction_Butt_fall_b5.mp4,FALL,FallAction,FallAction_FallAction/Butt_fall/b5,
videos/FALL/FallAction_Butt_fall_b51.mp4,FALL,FallAction,FallAction_FallAction/Butt_fall/b51,
videos/FALL/FallAction_Butt_fall_b6.mp4,FALL,FallAction,FallAction_FallAction/Butt_fall/b6,
videos/FALL/FallAction_Butt_fall_b8.mp4,FALL,FallAction,FallAction_FallAction/Butt_fall/b8,
videos/FALL/FallAction_Butt_fall_b9.mp4,FALL,FallAction,FallAction_FallAction/Butt_fall/b9,
videos/FALL/FallAction_Drunk_fall_d1.mp4,FALL,FallAction,FallAction_FallAction/Drunk_fall/d1,
videos/FALL/FallAction_Drunk_fall_d10.mp4,FALL,FallAction,FallAction_FallAction/Drunk_fall/d10,
videos/FALL/FallAction_Drunk_fall_d11.mp4,FALL,FallAction,FallAction_FallAction/Drunk_fall/d11,
videos/FALL/FallAction_Drunk_fall_d12.mp4,FALL,FallAction,FallAction_FallAction/Drunk_fall/d12,
videos/FALL/FallAction_Drunk_fall_d13.mp4,FALL,FallAction,FallAction_FallAction/Drunk_fall/d13,
videos/FALL/FallAction_Drunk_fall_d14.mp4,FALL,FallAction,FallAction_FallAction/Drunk_fall/d14,
videos/FALL/FallAction_Drunk_fall_d15.mp4,FALL,FallAction,FallAction_FallAction/Drunk_fall/d15,
videos/FALL/FallAction_Drunk_fall_d16.mp4,FALL,FallAction,FallAction_FallAction/Drunk_fall/d16,
videos/FALL/FallAction_Drunk_fall_d17.mp4,FALL,FallAction,FallAction_FallAction/Drunk_fall/d17,
videos/FALL/FallAction_Drunk_fall_d18.mp4,FALL,FallAction,FallAction_FallAction/Drunk_fall/d18,
videos/FALL/FallAction_Drunk_fall_d19.mp4,FALL,FallAction,FallAction_FallAction/Drunk_fall/d19,
videos/FALL/FallAction_Drunk_fall_d2.mp4,FALL,FallAction,FallAction_FallAction/Drunk_fall/d2,
videos/FALL/FallAction_Drunk_fall_d20.mp4,FALL,FallAction,FallAction_FallAction/Drunk_fall/d20,
videos/FALL/FallAction_Drunk_fall_d21.mp4,FALL,FallAction,FallAction_FallAction/Drunk_fall/d21,
videos/FALL/FallAction_Drunk_fall_d22.mp4,FALL,FallAction,FallAction_FallAction/Drunk_fall/d22,
videos/FALL/FallAction_Drunk_fall_d23.mp4,FALL,FallAction,FallAction_FallAction/Drunk_fall/d23,
videos/FALL/FallAction_Drunk_fall_d24.mp4,FALL,FallAction,FallAction_FallAction/Drunk_fall/d24,
videos/FALL/FallAction_Drunk_fall_d25.mp4,FALL,FallAction,FallAction_FallAction/Drunk_fall/d25,
videos/FALL/FallAction_Drunk_fall_d26.mp4,FALL,FallAction,FallAction_FallAction/Drunk_fall/d26,
videos/FALL/FallAction_Drunk_fall_d27.mp4,FALL,FallAction,FallAction_FallAction/Drunk_fall/d27,
videos/FALL/FallAction_Drunk_fall_d28.mp4,FALL,FallAction,FallAction_FallAction/Drunk_fall/d28,
videos/FALL/FallAction_Drunk_fall_d29.mp4,FALL,FallAction,FallAction_FallAction/Drunk_fall/d29,
videos/FALL/FallAction_Drunk_fall_d3.mp4,FALL,FallAction,FallAction_FallAction/Drunk_fall/d3,
videos/FALL/FallAction_Drunk_fall_d30_1.mp4,FALL,FallAction,FallAction_FallAction/Drunk_fall/d30 (1),
videos/FALL/FallAction_Drunk_fall_d30.mp4,FALL,FallAction,FallAction_FallAction/Drunk_fall/d30,
videos/FALL/FallAction_Drunk_fall_d31.mp4,FALL,FallAction,FallAction_FallAction/Drunk_fall/d31,
videos/FALL/FallAction_Drunk_fall_d32.mp4,FALL,FallAction,FallAction_FallAction/Drunk_fall/d32,
videos/FALL/FallAction_Drunk_fall_d33.mp4,FALL,FallAction,FallAction_FallAction/Drunk_fall/d33,
videos/FALL/FallAction_Drunk_fall_d34.mp4,FALL,FallAction,FallAction_FallAction/Drunk_fall/d34,
videos/FALL/FallAction_Drunk_fall_d35.mp4,FALL,FallAction,FallAction_FallAction/Drunk_fall/d35,
videos/FALL/FallAction_Drunk_fall_d37.mp4,FALL,FallAction,FallAction_FallAction/Drunk_fall/d37,
videos/FALL/FallAction_Drunk_fall_d38.mp4,FALL,FallAction,FallAction_FallAction/Drunk_fall/d38,
videos/FALL/FallAction_Drunk_fall_d4.mp4,FALL,FallAction,FallAction_FallAction/Drunk_fall/d4,
videos/FALL/FallAction_Drunk_fall_d40.mp4,FALL,FallAction,FallAction_FallAction/Drunk_fall/d40,
videos/FALL/FallAction_Drunk_fall_d41.mp4,FALL,FallAction,FallAction_FallAction/Drunk_fall/d41,
videos/FALL/FallAction_Drunk_fall_d42.mp4,FALL,FallAction,FallAction_FallAction/Drunk_fall/d42,
videos/FALL/FallAction_Drunk_fall_d43.mp4,FALL,FallAction,FallAction_FallAction/Drunk_fall/d43,
videos/FALL/FallAction_Drunk_fall_d44.mp4,FALL,FallAction,FallAction_FallAction/Drunk_fall/d44,
videos/FALL/FallAction_Drunk_fall_d45.mp4,FALL,FallAction,FallAction_FallAction/Drunk_fall/d45,
videos/FALL/FallAction_Drunk_fall_d46.mp4,FALL,FallAction,FallAction_FallAction/Drunk_fall/d46,
videos/FALL/FallAction_Drunk_fall_d47.mp4,FALL,FallAction,FallAction_FallAction/Drunk_fall/d47,
videos/FALL/FallAction_Drunk_fall_d48.mp4,FALL,FallAction,FallAction_FallAction/Drunk_fall/d48,
videos/FALL/FallAction_Drunk_fall_d5.mp4,FALL,FallAction,FallAction_FallAction/Drunk_fall/d5,
videos/FALL/FallAction_Drunk_fall_d50.mp4,FALL,FallAction,FallAction_FallAction/Drunk_fall/d50,
videos/FALL/FallAction_Drunk_fall_d6.mp4,FALL,FallAction,FallAction_FallAction/Drunk_fall/d6,
videos/FALL/FallAction_Drunk_fall_d7.mp4,FALL,FallAction,FallAction_FallAction/Drunk_fall/d7,
videos/FALL/FallAction_Drunk_fall_d8.mp4,FALL,FallAction,FallAction_FallAction/Drunk_fall/d8,
videos/FALL/FallAction_Drunk_fall_d9.mp4,FALL,FallAction,FallAction_FallAction/Drunk_fall/d9,
videos/FALL/FallAction_Elderly_fall_n1.mp4,FALL,FallAction,FallAction_FallAction/Elderly_fall/n1,
videos/FALL/FallAction_Elderly_fall_n10.mp4,FALL,FallAction,FallAction_FallAction/Elderly_fall/n10,
videos/FALL/FallAction_Elderly_fall_n11.mp4,FALL,FallAction,FallAction_FallAction/Elderly_fall/n11,
videos/FALL/FallAction_Elderly_fall_n12.mp4,FALL,FallAction,FallAction_FallAction/Elderly_fall/n12,
videos/FALL/FallAction_Elderly_fall_n13.mp4,FALL,FallAction,FallAction_FallAction/Elderly_fall/n13,
videos/FALL/FallAction_Elderly_fall_n14.mp4,FALL,FallAction,FallAction_FallAction/Elderly_fall/n14,
videos/FALL/FallAction_Elderly_fall_n15.mp4,FALL,FallAction,FallAction_FallAction/Elderly_fall/n15,
videos/FALL/FallAction_Elderly_fall_n16.mp4,FALL,FallAction,FallAction_FallAction/Elderly_fall/n16,
videos/FALL/FallAction_Elderly_fall_n17.mp4,FALL,FallAction,FallAction_FallAction/Elderly_fall/n17,
videos/FALL/FallAction_Elderly_fall_n18.mp4,FALL,FallAction,FallAction_FallAction/Elderly_fall/n18,
videos/FALL/FallAction_Elderly_fall_n19.mp4,FALL,FallAction,FallAction_FallAction/Elderly_fall/n19,
videos/FALL/FallAction_Elderly_fall_n2.mp4,FALL,FallAction,FallAction_FallAction/Elderly_fall/n2,
videos/FALL/FallAction_Elderly_fall_n20.mp4,FALL,FallAction,FallAction_FallAction/Elderly_fall/n20,
videos/FALL/FallAction_Elderly_fall_n21.mp4,FALL,FallAction,FallAction_FallAction/Elderly_fall/n21,
videos/FALL/FallAction_Elderly_fall_n22.mp4,FALL,FallAction,FallAction_FallAction/Elderly_fall/n22,
videos/FALL/FallAction_Elderly_fall_n23.mp4,FALL,FallAction,FallAction_FallAction/Elderly_fall/n23,
videos/FALL/FallAction_Elderly_fall_n24.mp4,FALL,FallAction,FallAction_FallAction/Elderly_fall/n24,
videos/FALL/FallAction_Elderly_fall_n25.mp4,FALL,FallAction,FallAction_FallAction/Elderly_fall/n25,
videos/FALL/FallAction_Elderly_fall_n26.mp4,FALL,FallAction,FallAction_FallAction/Elderly_fall/n26,
videos/FALL/FallAction_Elderly_fall_n27.mp4,FALL,FallAction,FallAction_FallAction/Elderly_fall/n27,
videos/FALL/FallAction_Elderly_fall_n28.mp4,FALL,FallAction,FallAction_FallAction/Elderly_fall/n28,
videos/FALL/FallAction_Elderly_fall_n29.mp4,FALL,FallAction,FallAction_FallAction/Elderly_fall/n29,
videos/FALL/FallAction_Elderly_fall_n3.mp4,FALL,FallAction,FallAction_FallAction/Elderly_fall/n3,
videos/FALL/FallAction_Elderly_fall_n30.mp4,FALL,FallAction,FallAction_FallAction/Elderly_fall/n30,
videos/FALL/FallAction_Elderly_fall_n31.mp4,FALL,FallAction,FallAction_FallAction/Elderly_fall/n31,
videos/FALL/FallAction_Elderly_fall_n32.mp4,FALL,FallAction,FallAction_FallAction/Elderly_fall/n32,
videos/FALL/FallAction_Elderly_fall_n33.mp4,FALL,FallAction,FallAction_FallAction/Elderly_fall/n33,
videos/FALL/FallAction_Elderly_fall_n34.mp4,FALL,FallAction,FallAction_FallAction/Elderly_fall/n34,
videos/FALL/FallAction_Elderly_fall_n35.mp4,FALL,FallAction,FallAction_FallAction/Elderly_fall/n35,
videos/FALL/FallAction_Elderly_fall_n36.mp4,FALL,FallAction,FallAction_FallAction/Elderly_fall/n36,
videos/FALL/FallAction_Elderly_fall_n37.mp4,FALL,FallAction,FallAction_FallAction/Elderly_fall/n37,
videos/FALL/FallAction_Elderly_fall_n38.mp4,FALL,FallAction,FallAction_FallAction/Elderly_fall/n38,
videos/FALL/FallAction_Elderly_fall_n39.mp4,FALL,FallAction,FallAction_FallAction/Elderly_fall/n39,
videos/FALL/FallAction_Elderly_fall_n4.mp4,FALL,FallAction,FallAction_FallAction/Elderly_fall/n4,
videos/FALL/FallAction_Elderly_fall_n40.mp4,FALL,FallAction,FallAction_FallAction/Elderly_fall/n40,
videos/FALL/FallAction_Elderly_fall_n41.mp4,FALL,FallAction,FallAction_FallAction/Elderly_fall/n41,
videos/FALL/FallAction_Elderly_fall_n42.mp4,FALL,FallAction,FallAction_FallAction/Elderly_fall/n42,
videos/FALL/FallAction_Elderly_fall_n43.mp4,FALL,FallAction,FallAction_FallAction/Elderly_fall/n43,
videos/FALL/FallAction_Elderly_fall_n44.mp4,FALL,FallAction,FallAction_FallAction/Elderly_fall/n44,
videos/FALL/FallAction_Elderly_fall_n45.mp4,FALL,FallAction,FallAction_FallAction/Elderly_fall/n45,
videos/FALL/FallAction_Elderly_fall_n46.mp4,FALL,FallAction,FallAction_FallAction/Elderly_fall/n46,
videos/FALL/FallAction_Elderly_fall_n47.mp4,FALL,FallAction,FallAction_FallAction/Elderly_fall/n47,
videos/FALL/FallAction_Elderly_fall_n48.mp4,FALL,FallAction,FallAction_FallAction/Elderly_fall/n48,
videos/FALL/FallAction_Elderly_fall_n49.mp4,FALL,FallAction,FallAction_FallAction/Elderly_fall/n49,
videos/FALL/FallAction_Elderly_fall_n5.mp4,FALL,FallAction,FallAction_FallAction/Elderly_fall/n5,
videos/FALL/FallAction_Elderly_fall_n50.mp4,FALL,FallAction,FallAction_FallAction/Elderly_fall/n50,
videos/FALL/FallAction_Elderly_fall_n51.mp4,FALL,FallAction,FallAction_FallAction/Elderly_fall/n51,
videos/FALL/FallAction_Elderly_fall_n52.mp4,FALL,FallAction,FallAction_FallAction/Elderly_fall/n52,
videos/FALL/FallAction_Elderly_fall_n53.mp4,FALL,FallAction,FallAction_FallAction/Elderly_fall/n53,
videos/FALL/FallAction_Elderly_fall_n54.mp4,FALL,FallAction,FallAction_FallAction/Elderly_fall/n54,
videos/FALL/FallAction_Elderly_fall_n55.mp4,FALL,FallAction,FallAction_FallAction/Elderly_fall/n55,
videos/FALL/FallAction_Elderly_fall_n56.mp4,FALL,FallAction,FallAction_FallAction/Elderly_fall/n56,
videos/FALL/FallAction_Elderly_fall_n57.mp4,FALL,FallAction,FallAction_FallAction/Elderly_fall/n57,
videos/FALL/FallAction_Elderly_fall_n58.mp4,FALL,FallAction,FallAction_FallAction/Elderly_fall/n58,
videos/FALL/FallAction_Elderly_fall_n59.mp4,FALL,FallAction,FallAction_FallAction/Elderly_fall/n59,
videos/FALL/FallAction_Elderly_fall_n6.mp4,FALL,FallAction,FallAction_FallAction/Elderly_fall/n6,
videos/FALL/FallAction_Elderly_fall_n60.mp4,FALL,FallAction,FallAction_FallAction/Elderly_fall/n60,
videos/FALL/FallAction_Elderly_fall_n61.mp4,FALL,FallAction,FallAction_FallAction/Elderly_fall/n61,
videos/FALL/FallAction_Elderly_fall_n62.mp4,FALL,FallAction,FallAction_FallAction/Elderly_fall/n62,
videos/FALL/FallAction_Elderly_fall_n63.mp4,FALL,FallAction,FallAction_FallAction/Elderly_fall/n63,
videos/FALL/FallAction_Elderly_fall_n64.mp4,FALL,FallAction,FallAction_FallAction/Elderly_fall/n64,
videos/FALL/FallAction_Elderly_fall_n65.mp4,FALL,FallAction,FallAction_FallAction/Elderly_fall/n65,
videos/FALL/FallAction_Elderly_fall_n66.mp4,FALL,FallAction,FallAction_FallAction/Elderly_fall/n66,
videos/FALL/FallAction_Elderly_fall_n67.mp4,FALL,FallAction,FallAction_FallAction/Elderly_fall/n67,
videos/FALL/FallAction_Elderly_fall_n68.mp4,FALL,FallAction,FallAction_FallAction/Elderly_fall/n68,
videos/FALL/FallAction_Elderly_fall_n69.mp4,FALL,FallAction,FallAction_FallAction/Elderly_fall/n69,
videos/FALL/FallAction_Elderly_fall_n7.mp4,FALL,FallAction,FallAction_FallAction/Elderly_fall/n7,
videos/FALL/FallAction_Elderly_fall_n70.mp4,FALL,FallAction,FallAction_FallAction/Elderly_fall/n70,
videos/FALL/FallAction_Elderly_fall_n71.mp4,FALL,FallAction,FallAction_FallAction/Elderly_fall/n71,
videos/FALL/FallAction_Elderly_fall_n73.mp4,FALL,FallAction,FallAction_FallAction/Elderly_fall/n73,
videos/FALL/FallAction_Elderly_fall_n74.mp4,FALL,FallAction,FallAction_FallAction/Elderly_fall/n74,
videos/FALL/FallAction_Elderly_fall_n75.mp4,FALL,FallAction,FallAction_FallAction/Elderly_fall/n75,
videos/FALL/FallAction_Elderly_fall_n76.mp4,FALL,FallAction,FallAction_FallAction/Elderly_fall/n76,
videos/FALL/FallAction_Elderly_fall_n8.mp4,FALL,FallAction,FallAction_FallAction/Elderly_fall/n8,
videos/FALL/FallAction_Elderly_fall_n9.mp4,FALL,FallAction,FallAction_FallAction/Elderly_fall/n9,
videos/FALL/FallAction_Escalator_fall_e1.mp4,FALL,FallAction,FallAction_FallAction/Escalator_fall/e1,
videos/FALL/FallAction_Escalator_fall_e10.mp4,FALL,FallAction,FallAction_FallAction/Escalator_fall/e10,
videos/FALL/FallAction_Escalator_fall_e11.mp4,FALL,FallAction,FallAction_FallAction/Escalator_fall/e11,
videos/FALL/FallAction_Escalator_fall_e12.mp4,FALL,FallAction,FallAction_FallAction/Escalator_fall/e12,
videos/FALL/FallAction_Escalator_fall_e13.mp4,FALL,FallAction,FallAction_FallAction/Escalator_fall/e13,
videos/FALL/FallAction_Escalator_fall_e14.mp4,FALL,FallAction,FallAction_FallAction/Escalator_fall/e14,
videos/FALL/FallAction_Escalator_fall_e15.mp4,FALL,FallAction,FallAction_FallAction/Escalator_fall/e15,
videos/FALL/FallAction_Escalator_fall_e16.mp4,FALL,FallAction,FallAction_FallAction/Escalator_fall/e16,
videos/FALL/FallAction_Escalator_fall_e17.mp4,FALL,FallAction,FallAction_FallAction/Escalator_fall/e17,
videos/FALL/FallAction_Escalator_fall_e18.mp4,FALL,FallAction,FallAction_FallAction/Escalator_fall/e18,
videos/FALL/FallAction_Escalator_fall_e19.mp4,FALL,FallAction,FallAction_FallAction/Escalator_fall/e19,
videos/FALL/FallAction_Escalator_fall_e2.mp4,FALL,FallAction,FallAction_FallAction/Escalator_fall/e2,
videos/FALL/FallAction_Escalator_fall_e20.mp4,FALL,FallAction,FallAction_FallAction/Escalator_fall/e20,
videos/FALL/FallAction_Escalator_fall_e21.mp4,FALL,FallAction,FallAction_FallAction/Escalator_fall/e21,
videos/FALL/FallAction_Escalator_fall_e22.mp4,FALL,FallAction,FallAction_FallAction/Escalator_fall/e22,
videos/FALL/FallAction_Escalator_fall_e23.mp4,FALL,FallAction,FallAction_FallAction/Escalator_fall/e23,
videos/FALL/FallAction_Escalator_fall_e24.mp4,FALL,FallAction,FallAction_FallAction/Escalator_fall/e24,
videos/FALL/FallAction_Escalator_fall_e25.mp4,FALL,FallAction,FallAction_FallAction/Escalator_fall/e25,
videos/FALL/FallAction_Escalator_fall_e26.mp4,FALL,FallAction,FallAction_FallAction/Escalator_fall/e26,
videos/FALL/FallAction_Escalator_fall_e27.mp4,FALL,FallAction,FallAction_FallAction/Escalator_fall/e27,
videos/FALL/FallAction_Escalator_fall_e28.mp4,FALL,FallAction,FallAction_FallAction/Escalator_fall/e28,
videos/FALL/FallAction_Escalator_fall_e29.mp4,FALL,FallAction,FallAction_FallAction/Escalator_fall/e29,
videos/FALL/FallAction_Escalator_fall_e3.mp4,FALL,FallAction,FallAction_FallAction/Escalator_fall/e3,
videos/FALL/FallAction_Escalator_fall_e30.mp4,FALL,FallAction,FallAction_FallAction/Escalator_fall/e30,
videos/FALL/FallAction_Escalator_fall_e31.mp4,FALL,FallAction,FallAction_FallAction/Escalator_fall/e31,
videos/FALL/FallAction_Escalator_fall_e32.mp4,FALL,FallAction,FallAction_FallAction/Escalator_fall/e32,
videos/FALL/FallAction_Escalator_fall_e33.mp4,FALL,FallAction,FallAction_FallAction/Escalator_fall/e33,
videos/FALL/FallAction_Escalator_fall_e34.mp4,FALL,FallAction,FallAction_FallAction/Escalator_fall/e34,
videos/FALL/FallAction_Escalator_fall_e35.mp4,FALL,FallAction,FallAction_FallAction/Escalator_fall/e35,
videos/FALL/FallAction_Escalator_fall_e36.mp4,FALL,FallAction,FallAction_FallAction/Escalator_fall/e36,
videos/FALL/FallAction_Escalator_fall_e37.mp4,FALL,FallAction,FallAction_FallAction/Escalator_fall/e37,
videos/FALL/FallAction_Escalator_fall_e38.mp4,FALL,FallAction,FallAction_FallAction/Escalator_fall/e38,
videos/FALL/FallAction_Escalator_fall_e39.mp4,FALL,FallAction,FallAction_FallAction/Escalator_fall/e39,
videos/FALL/FallAction_Escalator_fall_e40.mp4,FALL,FallAction,FallAction_FallAction/Escalator_fall/e40,
videos/FALL/FallAction_Escalator_fall_e41.mp4,FALL,FallAction,FallAction_FallAction/Escalator_fall/e41,
videos/FALL/FallAction_Escalator_fall_e42.mp4,FALL,FallAction,FallAction_FallAction/Escalator_fall/e42,
videos/FALL/FallAction_Escalator_fall_e43.mp4,FALL,FallAction,FallAction_FallAction/Escalator_fall/e43,
videos/FALL/FallAction_Escalator_fall_e44.mp4,FALL,FallAction,FallAction_FallAction/Escalator_fall/e44,
videos/FALL/FallAction_Escalator_fall_e45.mp4,FALL,FallAction,FallAction_FallAction/Escalator_fall/e45,
videos/FALL/FallAction_Escalator_fall_e46.mp4,FALL,FallAction,FallAction_FallAction/Escalator_fall/e46,
videos/FALL/FallAction_Escalator_fall_e47.mp4,FALL,FallAction,FallAction_FallAction/Escalator_fall/e47,
videos/FALL/FallAction_Escalator_fall_e48.mp4,FALL,FallAction,FallAction_FallAction/Escalator_fall/e48,
videos/FALL/FallAction_Escalator_fall_e49.mp4,FALL,FallAction,FallAction_FallAction/Escalator_fall/e49,
videos/FALL/FallAction_Escalator_fall_e5.mp4,FALL,FallAction,FallAction_FallAction/Escalator_fall/e5,
videos/FALL/FallAction_Escalator_fall_e50.mp4,FALL,FallAction,FallAction_FallAction/Escalator_fall/e50,
videos/FALL/FallAction_Escalator_fall_e6.mp4,FALL,FallAction,FallAction_FallAction/Escalator_fall/e6,
videos/FALL/FallAction_Escalator_fall_e7.mp4,FALL,FallAction,FallAction_FallAction/Escalator_fall/e7,
videos/FALL/FallAction_Faint_fall_v1.mp4,FALL,FallAction,FallAction_FallAction/Faint_fall/v1,
videos/FALL/FallAction_Faint_fall_v10.mp4,FALL,FallAction,FallAction_FallAction/Faint_fall/v10,
videos/FALL/FallAction_Faint_fall_v11.mp4,FALL,FallAction,FallAction_FallAction/Faint_fall/v11,
videos/FALL/FallAction_Faint_fall_v12.mp4,FALL,FallAction,FallAction_FallAction/Faint_fall/v12,
videos/FALL/FallAction_Faint_fall_v13.mp4,FALL,FallAction,FallAction_FallAction/Faint_fall/v13,
videos/FALL/FallAction_Faint_fall_v14.mp4,FALL,FallAction,FallAction_FallAction/Faint_fall/v14,
videos/FALL/FallAction_Faint_fall_v15.mp4,FALL,FallAction,FallAction_FallAction/Faint_fall/v15,
videos/FALL/FallAction_Faint_fall_v16.mp4,FALL,FallAction,FallAction_FallAction/Faint_fall/v16,
videos/FALL/FallAction_Faint_fall_v17.mp4,FALL,FallAction,FallAction_FallAction/Faint_fall/v17,
videos/FALL/FallAction_Faint_fall_v18.mp4,FALL,FallAction,FallAction_FallAction/Faint_fall/v18,
videos/FALL/FallAction_Faint_fall_v19.mp4,FALL,FallAction,FallAction_FallAction/Faint_fall/v19,
videos/FALL/FallAction_Faint_fall_v2.mp4,FALL,FallAction,FallAction_FallAction/Faint_fall/v2,
videos/FALL/FallAction_Faint_fall_v20.mp4,FALL,FallAction,FallAction_FallAction/Faint_fall/v20,
videos/FALL/FallAction_Faint_fall_v21.mp4,FALL,FallAction,FallAction_FallAction/Faint_fall/v21,
videos/FALL/FallAction_Faint_fall_v22.mp4,FALL,FallAction,FallAction_FallAction/Faint_fall/v22,
videos/FALL/FallAction_Faint_fall_v23.mp4,FALL,FallAction,FallAction_FallAction/Faint_fall/v23,
videos/FALL/FallAction_Faint_fall_v25.mp4,FALL,FallAction,FallAction_FallAction/Faint_fall/v25,
videos/FALL/FallAction_Faint_fall_v26.mp4,FALL,FallAction,FallAction_FallAction/Faint_fall/v26,
videos/FALL/FallAction_Faint_fall_v27.mp4,FALL,FallAction,FallAction_FallAction/Faint_fall/v27,
videos/FALL/FallAction_Faint_fall_v28.mp4,FALL,FallAction,FallAction_FallAction/Faint_fall/v28,
videos/FALL/FallAction_Faint_fall_v29.mp4,FALL,FallAction,FallAction_FallAction/Faint_fall/v29,
videos/FALL/FallAction_Faint_fall_v3.mp4,FALL,FallAction,FallAction_FallAction/Faint_fall/v3,
videos/FALL/FallAction_Faint_fall_v30.mp4,FALL,FallAction,FallAction_FallAction/Faint_fall/v30,
videos/FALL/FallAction_Faint_fall_v31.mp4,FALL,FallAction,FallAction_FallAction/Faint_fall/v31,
videos/FALL/FallAction_Faint_fall_v32.mp4,FALL,FallAction,FallAction_FallAction/Faint_fall/v32,
videos/FALL/FallAction_Faint_fall_v33.mp4,FALL,FallAction,FallAction_FallAction/Faint_fall/v33,
videos/FALL/FallAction_Faint_fall_v34.mp4,FALL,FallAction,FallAction_FallAction/Faint_fall/v34,
videos/FALL/FallAction_Faint_fall_v35.mp4,FALL,FallAction,FallAction_FallAction/Faint_fall/v35,
videos/FALL/FallAction_Faint_fall_v36.mp4,FALL,FallAction,FallAction_FallAction/Faint_fall/v36,
videos/FALL/FallAction_Faint_fall_v37.mp4,FALL,FallAction,FallAction_FallAction/Faint_fall/v37,
videos/FALL/FallAction_Faint_fall_v38.mp4,FALL,FallAction,FallAction_FallAction/Faint_fall/v38,
videos/FALL/FallAction_Faint_fall_v39.mp4,FALL,FallAction,FallAction_FallAction/Faint_fall/v39,
videos/FALL/FallAction_Faint_fall_v40.mp4,FALL,FallAction,FallAction_FallAction/Faint_fall/v40,
videos/FALL/FallAction_Faint_fall_v41.mp4,FALL,FallAction,FallAction_FallAction/Faint_fall/v41,
videos/FALL/FallAction_Faint_fall_v42.mp4,FALL,FallAction,FallAction_FallAction/Faint_fall/v42,
videos/FALL/FallAction_Faint_fall_v43.mp4,FALL,FallAction,FallAction_FallAction/Faint_fall/v43,
videos/FALL/FallAction_Faint_fall_v44.mp4,FALL,FallAction,FallAction_FallAction/Faint_fall/v44,
videos/FALL/FallAction_Faint_fall_v45.mp4,FALL,FallAction,FallAction_FallAction/Faint_fall/v45,
videos/FALL/FallAction_Faint_fall_v46.mp4,FALL,FallAction,FallAction_FallAction/Faint_fall/v46,
videos/FALL/FallAction_Faint_fall_v47.mp4,FALL,FallAction,FallAction_FallAction/Faint_fall/v47,
videos/FALL/FallAction_Faint_fall_v48.mp4,FALL,FallAction,FallAction_FallAction/Faint_fall/v48,
videos/FALL/FallAction_Faint_fall_v49.mp4,FALL,FallAction,FallAction_FallAction/Faint_fall/v49,
videos/FALL/FallAction_Faint_fall_v5.mp4,FALL,FallAction,FallAction_FallAction/Faint_fall/v5,
videos/FALL/FallAction_Faint_fall_v50.mp4,FALL,FallAction,FallAction_FallAction/Faint_fall/v50,
videos/FALL/FallAction_Faint_fall_v6.mp4,FALL,FallAction,FallAction_FallAction/Faint_fall/v6,
videos/FALL/FallAction_Faint_fall_v7.mp4,FALL,FallAction,FallAction_FallAction/Faint_fall/v7,
videos/FALL/FallAction_Faint_fall_v8.mp4,FALL,FallAction,FallAction_FallAction/Faint_fall/v8,
videos/FALL/FallAction_Faint_fall_v9.mp4,FALL,FallAction,FallAction_FallAction/Faint_fall/v9,
videos/FALL/FallAction_High_Heel_Break_fall_hh1.mp4,FALL,FallAction,FallAction_FallAction/High_Heel_Break_fall/hh1,
videos/FALL/FallAction_High_Heel_Break_fall_hh10.mp4,FALL,FallAction,FallAction_FallAction/High_Heel_Break_fall/hh10,
videos/FALL/FallAction_High_Heel_Break_fall_hh11.mp4,FALL,FallAction,FallAction_FallAction/High_Heel_Break_fall/hh11,
videos/FALL/FallAction_High_Heel_Break_fall_hh12.mp4,FALL,FallAction,FallAction_FallAction/High_Heel_Break_fall/hh12,
videos/FALL/FallAction_High_Heel_Break_fall_hh13.mp4,FALL,FallAction,FallAction_FallAction/High_Heel_Break_fall/hh13,
videos/FALL/FallAction_High_Heel_Break_fall_hh14.mp4,FALL,FallAction,FallAction_FallAction/High_Heel_Break_fall/hh14,
videos/FALL/FallAction_High_Heel_Break_fall_hh15.mp4,FALL,FallAction,FallAction_FallAction/High_Heel_Break_fall/hh15,
videos/FALL/FallAction_High_Heel_Break_fall_hh16.mp4,FALL,FallAction,FallAction_FallAction/High_Heel_Break_fall/hh16,
videos/FALL/FallAction_High_Heel_Break_fall_hh17.mp4,FALL,FallAction,FallAction_FallAction/High_Heel_Break_fall/hh17,
videos/FALL/FallAction_High_Heel_Break_fall_hh18.mp4,FALL,FallAction,FallAction_FallAction/High_Heel_Break_fall/hh18,
videos/FALL/FallAction_High_Heel_Break_fall_hh19.mp4,FALL,FallAction,FallAction_FallAction/High_Heel_Break_fall/hh19,
videos/FALL/FallAction_High_Heel_Break_fall_hh2.mp4,FALL,FallAction,FallAction_FallAction/High_Heel_Break_fall/hh2,
videos/FALL/FallAction_High_Heel_Break_fall_hh20.mp4,FALL,FallAction,FallAction_FallAction/High_Heel_Break_fall/hh20,
videos/FALL/FallAction_High_Heel_Break_fall_hh21.mp4,FALL,FallAction,FallAction_FallAction/High_Heel_Break_fall/hh21,
videos/FALL/FallAction_High_Heel_Break_fall_hh22.mp4,FALL,FallAction,FallAction_FallAction/High_Heel_Break_fall/hh22,
videos/FALL/FallAction_High_Heel_Break_fall_hh23.mp4,FALL,FallAction,FallAction_FallAction/High_Heel_Break_fall/hh23,
videos/FALL/FallAction_High_Heel_Break_fall_hh24.mp4,FALL,FallAction,FallAction_FallAction/High_Heel_Break_fall/hh24,
videos/FALL/FallAction_High_Heel_Break_fall_hh25.mp4,FALL,FallAction,FallAction_FallAction/High_Heel_Break_fall/hh25,
videos/FALL/FallAction_High_Heel_Break_fall_hh26.mp4,FALL,FallAction,FallAction_FallAction/High_Heel_Break_fall/hh26,
videos/FALL/FallAction_High_Heel_Break_fall_hh27.mp4,FALL,FallAction,FallAction_FallAction/High_Heel_Break_fall/hh27,
videos/FALL/FallAction_High_Heel_Break_fall_hh28.mp4,FALL,FallAction,FallAction_FallAction/High_Heel_Break_fall/hh28,
videos/FALL/FallAction_High_Heel_Break_fall_hh29.mp4,FALL,FallAction,FallAction_FallAction/High_Heel_Break_fall/hh29,
videos/FALL/FallAction_High_Heel_Break_fall_hh3.mp4,FALL,FallAction,FallAction_FallAction/High_Heel_Break_fall/hh3,
videos/FALL/FallAction_High_Heel_Break_fall_hh30.mp4,FALL,FallAction,FallAction_FallAction/High_Heel_Break_fall/hh30,
videos/FALL/FallAction_High_Heel_Break_fall_hh31.mp4,FALL,FallAction,FallAction_FallAction/High_Heel_Break_fall/hh31,
videos/FALL/FallAction_High_Heel_Break_fall_hh32.mp4,FALL,FallAction,FallAction_FallAction/High_Heel_Break_fall/hh32,
videos/FALL/FallAction_High_Heel_Break_fall_hh33.mp4,FALL,FallAction,FallAction_FallAction/High_Heel_Break_fall/hh33,
videos/FALL/FallAction_High_Heel_Break_fall_hh34.mp4,FALL,FallAction,FallAction_FallAction/High_Heel_Break_fall/hh34,
videos/FALL/FallAction_High_Heel_Break_fall_hh35.mp4,FALL,FallAction,FallAction_FallAction/High_Heel_Break_fall/hh35,
videos/FALL/FallAction_High_Heel_Break_fall_hh36.mp4,FALL,FallAction,FallAction_FallAction/High_Heel_Break_fall/hh36,
videos/FALL/FallAction_High_Heel_Break_fall_hh37.mp4,FALL,FallAction,FallAction_FallAction/High_Heel_Break_fall/hh37,
videos/FALL/FallAction_High_Heel_Break_fall_hh38.mp4,FALL,FallAction,FallAction_FallAction/High_Heel_Break_fall/hh38,
videos/FALL/FallAction_High_Heel_Break_fall_hh39.mp4,FALL,FallAction,FallAction_FallAction/High_Heel_Break_fall/hh39,
videos/FALL/FallAction_High_Heel_Break_fall_hh4.mp4,FALL,FallAction,FallAction_FallAction/High_Heel_Break_fall/hh4,
videos/FALL/FallAction_High_Heel_Break_fall_hh40.mp4,FALL,FallAction,FallAction_FallAction/High_Heel_Break_fall/hh40,
videos/FALL/FallAction_High_Heel_Break_fall_hh41.mp4,FALL,FallAction,FallAction_FallAction/High_Heel_Break_fall/hh41,
videos/FALL/FallAction_High_Heel_Break_fall_hh42.mp4,FALL,FallAction,FallAction_FallAction/High_Heel_Break_fall/hh42,
videos/FALL/FallAction_High_Heel_Break_fall_hh43.mp4,FALL,FallAction,FallAction_FallAction/High_Heel_Break_fall/hh43,
videos/FALL/FallAction_High_Heel_Break_fall_hh44.mp4,FALL,FallAction,FallAction_FallAction/High_Heel_Break_fall/hh44,
videos/FALL/FallAction_High_Heel_Break_fall_hh45.mp4,FALL,FallAction,FallAction_FallAction/High_Heel_Break_fall/hh45,
videos/FALL/FallAction_High_Heel_Break_fall_hh46.mp4,FALL,FallAction,FallAction_FallAction/High_Heel_Break_fall/hh46,
videos/FALL/FallAction_High_Heel_Break_fall_hh47.mp4,FALL,FallAction,FallAction_FallAction/High_Heel_Break_fall/hh47,
videos/FALL/FallAction_High_Heel_Break_fall_hh48.mp4,FALL,FallAction,FallAction_FallAction/High_Heel_Break_fall/hh48,
videos/FALL/FallAction_High_Heel_Break_fall_hh49.mp4,FALL,FallAction,FallAction_FallAction/High_Heel_Break_fall/hh49,
videos/FALL/FallAction_High_Heel_Break_fall_hh5.mp4,FALL,FallAction,FallAction_FallAction/High_Heel_Break_fall/hh5,
videos/FALL/FallAction_High_Heel_Break_fall_hh50.mp4,FALL,FallAction,FallAction_FallAction/High_Heel_Break_fall/hh50,
videos/FALL/FallAction_High_Heel_Break_fall_hh51.mp4,FALL,FallAction,FallAction_FallAction/High_Heel_Break_fall/hh51,
videos/FALL/FallAction_High_Heel_Break_fall_hh6.mp4,FALL,FallAction,FallAction_FallAction/High_Heel_Break_fall/hh6,
videos/FALL/FallAction_High_Heel_Break_fall_hh7.mp4,FALL,FallAction,FallAction_FallAction/High_Heel_Break_fall/hh7,
videos/FALL/FallAction_High_Heel_Break_fall_hh8.mp4,FALL,FallAction,FallAction_FallAction/High_Heel_Break_fall/hh8,
videos/FALL/FallAction_High_Heel_Break_fall_hh9.mp4,FALL,FallAction,FallAction_FallAction/High_Heel_Break_fall/hh9,
videos/FALL/FallAction_Side_fall_f1.mp4,FALL,FallAction,FallAction_FallAction/Side_fall/f1,
videos/FALL/FallAction_Side_fall_f10.mp4,FALL,FallAction,FallAction_FallAction/Side_fall/f10,
videos/FALL/FallAction_Side_fall_f11.mp4,FALL,FallAction,FallAction_FallAction/Side_fall/f11,
videos/FALL/FallAction_Side_fall_f12.mp4,FALL,FallAction,FallAction_FallAction/Side_fall/f12,
videos/FALL/FallAction_Side_fall_f14.mp4,FALL,FallAction,FallAction_FallAction/Side_fall/f14,
videos/FALL/FallAction_Side_fall_f16.mp4,FALL,FallAction,FallAction_FallAction/Side_fall/f16,
videos/FALL/FallAction_Side_fall_f17.mp4,FALL,FallAction,FallAction_FallAction/Side_fall/f17,
videos/FALL/FallAction_Side_fall_f18.mp4,FALL,FallAction,FallAction_FallAction/Side_fall/f18,
videos/FALL/FallAction_Side_fall_f19.mp4,FALL,FallAction,FallAction_FallAction/Side_fall/f19,
videos/FALL/FallAction_Side_fall_f20.mp4,FALL,FallAction,FallAction_FallAction/Side_fall/f20,
videos/FALL/FallAction_Side_fall_f21.mp4,FALL,FallAction,FallAction_FallAction/Side_fall/f21,
videos/FALL/FallAction_Side_fall_f22.mp4,FALL,FallAction,FallAction_FallAction/Side_fall/f22,
videos/FALL/FallAction_Side_fall_f23.mp4,FALL,FallAction,FallAction_FallAction/Side_fall/f23,
videos/FALL/FallAction_Side_fall_f24.mp4,FALL,FallAction,FallAction_FallAction/Side_fall/f24,
videos/FALL/FallAction_Side_fall_f25.mp4,FALL,FallAction,FallAction_FallAction/Side_fall/f25,
videos/FALL/FallAction_Side_fall_f26.mp4,FALL,FallAction,FallAction_FallAction/Side_fall/f26,
videos/FALL/FallAction_Side_fall_f27.mp4,FALL,FallAction,FallAction_FallAction/Side_fall/f27,
videos/FALL/FallAction_Side_fall_f28.mp4,FALL,FallAction,FallAction_FallAction/Side_fall/f28,
videos/FALL/FallAction_Side_fall_f29.mp4,FALL,FallAction,FallAction_FallAction/Side_fall/f29,
videos/FALL/FallAction_Side_fall_f3.mp4,FALL,FallAction,FallAction_FallAction/Side_fall/f3,
videos/FALL/FallAction_Side_fall_f30.mp4,FALL,FallAction,FallAction_FallAction/Side_fall/f30,
videos/FALL/FallAction_Side_fall_f31.mp4,FALL,FallAction,FallAction_FallAction/Side_fall/f31,
videos/FALL/FallAction_Side_fall_f32.mp4,FALL,FallAction,FallAction_FallAction/Side_fall/f32,
videos/FALL/FallAction_Side_fall_f33.mp4,FALL,FallAction,FallAction_FallAction/Side_fall/f33,
videos/FALL/FallAction_Side_fall_f34.mp4,FALL,FallAction,FallAction_FallAction/Side_fall/f34,
videos/FALL/FallAction_Side_fall_f35.mp4,FALL,FallAction,FallAction_FallAction/Side_fall/f35,
videos/FALL/FallAction_Side_fall_f36.mp4,FALL,FallAction,FallAction_FallAction/Side_fall/f36,
videos/FALL/FallAction_Side_fall_f37.mp4,FALL,FallAction,FallAction_FallAction/Side_fall/f37,
videos/FALL/FallAction_Side_fall_f38.mp4,FALL,FallAction,FallAction_FallAction/Side_fall/f38,
videos/FALL/FallAction_Side_fall_f39.mp4,FALL,FallAction,FallAction_FallAction/Side_fall/f39,
videos/FALL/FallAction_Side_fall_f4.mp4,FALL,FallAction,FallAction_FallAction/Side_fall/f4,
videos/FALL/FallAction_Side_fall_f40.mp4,FALL,FallAction,FallAction_FallAction/Side_fall/f40,
videos/FALL/FallAction_Side_fall_f41.mp4,FALL,FallAction,FallAction_FallAction/Side_fall/f41,
videos/FALL/FallAction_Side_fall_f42.mp4,FALL,FallAction,FallAction_FallAction/Side_fall/f42,
videos/FALL/FallAction_Side_fall_f43.mp4,FALL,FallAction,FallAction_FallAction/Side_fall/f43,
videos/FALL/FallAction_Side_fall_f44.mp4,FALL,FallAction,FallAction_FallAction/Side_fall/f44,
videos/FALL/FallAction_Side_fall_f45.mp4,FALL,FallAction,FallAction_FallAction/Side_fall/f45,
videos/FALL/FallAction_Side_fall_f46.mp4,FALL,FallAction,FallAction_FallAction/Side_fall/f46,
videos/FALL/FallAction_Side_fall_f47.mp4,FALL,FallAction,FallAction_FallAction/Side_fall/f47,
videos/FALL/FallAction_Side_fall_f48.mp4,FALL,FallAction,FallAction_FallAction/Side_fall/f48,
videos/FALL/FallAction_Side_fall_f49.mp4,FALL,FallAction,FallAction_FallAction/Side_fall/f49,
videos/FALL/FallAction_Side_fall_f5.mp4,FALL,FallAction,FallAction_FallAction/Side_fall/f5,
videos/FALL/FallAction_Side_fall_f50.mp4,FALL,FallAction,FallAction_FallAction/Side_fall/f50,
videos/FALL/FallAction_Side_fall_f6.mp4,FALL,FallAction,FallAction_FallAction/Side_fall/f6,
videos/FALL/FallAction_Side_fall_f8.mp4,FALL,FallAction,FallAction_FallAction/Side_fall/f8,
videos/FALL/FallAction_Side_fall_f9.mp4,FALL,FallAction,FallAction_FallAction/Side_fall/f9,
videos/FALL/MCFD_chute01_cam1.mp4,FALL,MCFD,MCFD_chute01,cam1
videos/FALL/MCFD_chute01_cam2.mp4,FALL,MCFD,MCFD_chute01,cam2
videos/FALL/MCFD_chute01_cam3.mp4,FALL,MCFD,MCFD_chute01,cam3
videos/FALL/MCFD_chute01_cam6.mp4,FALL,MCFD,MCFD_chute01,cam6
videos/FALL/MCFD_chute01_cam7.mp4,FALL,MCFD,MCFD_chute01,cam7
videos/FALL/MCFD_chute01_cam8.mp4,FALL,MCFD,MCFD_chute01,cam8
videos/FALL/MCFD_chute02_cam1.mp4,FALL,MCFD,MCFD_chute02,cam1
videos/FALL/MCFD_chute02_cam2.mp4,FALL,MCFD,MCFD_chute02,cam2
videos/FALL/MCFD_chute02_cam3.mp4,FALL,MCFD,MCFD_chute02,cam3
videos/FALL/MCFD_chute02_cam6.mp4,FALL,MCFD,MCFD_chute02,cam6
videos/FALL/MCFD_chute02_cam7.mp4,FALL,MCFD,MCFD_chute02,cam7
videos/FALL/MCFD_chute02_cam8.mp4,FALL,MCFD,MCFD_chute02,cam8
videos/FALL/MCFD_chute03_cam1.mp4,FALL,MCFD,MCFD_chute03,cam1
videos/FALL/MCFD_chute03_cam2.mp4,FALL,MCFD,MCFD_chute03,cam2
videos/FALL/MCFD_chute03_cam3.mp4,FALL,MCFD,MCFD_chute03,cam3
videos/FALL/MCFD_chute03_cam6.mp4,FALL,MCFD,MCFD_chute03,cam6
videos/FALL/MCFD_chute03_cam7.mp4,FALL,MCFD,MCFD_chute03,cam7
videos/FALL/MCFD_chute03_cam8.mp4,FALL,MCFD,MCFD_chute03,cam8
videos/FALL/MCFD_chute04_cam1.mp4,FALL,MCFD,MCFD_chute04,cam1
videos/FALL/MCFD_chute04_cam2.mp4,FALL,MCFD,MCFD_chute04,cam2
videos/FALL/MCFD_chute04_cam3.mp4,FALL,MCFD,MCFD_chute04,cam3
videos/FALL/MCFD_chute04_cam6.mp4,FALL,MCFD,MCFD_chute04,cam6
videos/FALL/MCFD_chute04_cam7.mp4,FALL,MCFD,MCFD_chute04,cam7
videos/FALL/MCFD_chute04_cam8.mp4,FALL,MCFD,MCFD_chute04,cam8
videos/FALL/MCFD_chute05_cam1.mp4,FALL,MCFD,MCFD_chute05,cam1
videos/FALL/MCFD_chute05_cam2.mp4,FALL,MCFD,MCFD_chute05,cam2
videos/FALL/MCFD_chute05_cam3.mp4,FALL,MCFD,MCFD_chute05,cam3
videos/FALL/MCFD_chute05_cam6.mp4,FALL,MCFD,MCFD_chute05,cam6
videos/FALL/MCFD_chute05_cam7.mp4,FALL,MCFD,MCFD_chute05,cam7
videos/FALL/MCFD_chute05_cam8.mp4,FALL,MCFD,MCFD_chute05,cam8
videos/FALL/MCFD_chute06_cam1.mp4,FALL,MCFD,MCFD_chute06,cam1
videos/FALL/MCFD_chute06_cam2.mp4,FALL,MCFD,MCFD_chute06,cam2
videos/FALL/MCFD_chute06_cam3.mp4,FALL,MCFD,MCFD_chute06,cam3
videos/FALL/MCFD_chute06_cam6.mp4,FALL,MCFD,MCFD_chute06,cam6
videos/FALL/MCFD_chute06_cam7.mp4,FALL,MCFD,MCFD_chute06,cam7
videos/FALL/MCFD_chute06_cam8.mp4,FALL,MCFD,MCFD_chute06,cam8
videos/FALL/MCFD_chute07_cam1.mp4,FALL,MCFD,MCFD_chute07,cam1
videos/FALL/MCFD_chute07_cam2.mp4,FALL,MCFD,MCFD_chute07,cam2
videos/FALL/MCFD_chute07_cam3.mp4,FALL,MCFD,MCFD_chute07,cam3
videos/FALL/MCFD_chute07_cam6.mp4,FALL,MCFD,MCFD_chute07,cam6
videos/FALL/MCFD_chute07_cam7.mp4,FALL,MCFD,MCFD_chute07,cam7
videos/FALL/MCFD_chute07_cam8.mp4,FALL,MCFD,MCFD_chute07,cam8
videos/FALL/MCFD_chute08_cam1.mp4,FALL,MCFD,MCFD_chute08,cam1
videos/FALL/MCFD_chute08_cam2.mp4,FALL,MCFD,MCFD_chute08,cam2
videos/FALL/MCFD_chute08_cam3.mp4,FALL,MCFD,MCFD_chute08,cam3
videos/FALL/MCFD_chute08_cam6.mp4,FALL,MCFD,MCFD_chute08,cam6
videos/FALL/MCFD_chute08_cam7.mp4,FALL,MCFD,MCFD_chute08,cam7
videos/FALL/MCFD_chute08_cam8.mp4,FALL,MCFD,MCFD_chute08,cam8
videos/FALL/MCFD_chute09_cam1.mp4,FALL,MCFD,MCFD_chute09,cam1
videos/FALL/MCFD_chute09_cam2.mp4,FALL,MCFD,MCFD_chute09,cam2
videos/FALL/MCFD_chute09_cam3.mp4,FALL,MCFD,MCFD_chute09,cam3
videos/FALL/MCFD_chute09_cam6.mp4,FALL,MCFD,MCFD_chute09,cam6
videos/FALL/MCFD_chute09_cam7.mp4,FALL,MCFD,MCFD_chute09,cam7
videos/FALL/MCFD_chute09_cam8.mp4,FALL,MCFD,MCFD_chute09,cam8
videos/FALL/MCFD_chute10_cam1.mp4,FALL,MCFD,MCFD_chute10,cam1
videos/FALL/MCFD_chute10_cam2.mp4,FALL,MCFD,MCFD_chute10,cam2
videos/FALL/MCFD_chute10_cam3.mp4,FALL,MCFD,MCFD_chute10,cam3
videos/FALL/MCFD_chute10_cam6.mp4,FALL,MCFD,MCFD_chute10,cam6
videos/FALL/MCFD_chute10_cam7.mp4,FALL,MCFD,MCFD_chute10,cam7
videos/FALL/MCFD_chute10_cam8.mp4,FALL,MCFD,MCFD_chute10,cam8
videos/FALL/MCFD_chute11_cam1.mp4,FALL,MCFD,MCFD_chute11,cam1
videos/FALL/MCFD_chute11_cam2.mp4,FALL,MCFD,MCFD_chute11,cam2
videos/FALL/MCFD_chute11_cam3.mp4,FALL,MCFD,MCFD_chute11,cam3
videos/FALL/MCFD_chute11_cam6.mp4,FALL,MCFD,MCFD_chute11,cam6
videos/FALL/MCFD_chute11_cam7.mp4,FALL,MCFD,MCFD_chute11,cam7
videos/FALL/MCFD_chute11_cam8.mp4,FALL,MCFD,MCFD_chute11,cam8
videos/FALL/MCFD_chute12_cam1.mp4,FALL,MCFD,MCFD_chute12,cam1
videos/FALL/MCFD_chute12_cam2.mp4,FALL,MCFD,MCFD_chute12,cam2
videos/FALL/MCFD_chute12_cam3.mp4,FALL,MCFD,MCFD_chute12,cam3
videos/FALL/MCFD_chute12_cam6.mp4,FALL,MCFD,MCFD_chute12,cam6
videos/FALL/MCFD_chute12_cam7.mp4,FALL,MCFD,MCFD_chute12,cam7
videos/FALL/MCFD_chute12_cam8.mp4,FALL,MCFD,MCFD_chute12,cam8
videos/FALL/MCFD_chute13_cam1.mp4,FALL,MCFD,MCFD_chute13,cam1
videos/FALL/MCFD_chute13_cam2.mp4,FALL,MCFD,MCFD_chute13,cam2
videos/FALL/MCFD_chute13_cam3.mp4,FALL,MCFD,MCFD_chute13,cam3
videos/FALL/MCFD_chute13_cam6.mp4,FALL,MCFD,MCFD_chute13,cam6
videos/FALL/MCFD_chute13_cam7.mp4,FALL,MCFD,MCFD_chute13,cam7
videos/FALL/MCFD_chute13_cam8.mp4,FALL,MCFD,MCFD_chute13,cam8
videos/FALL/MCFD_chute14_cam1.mp4,FALL,MCFD,MCFD_chute14,cam1
videos/FALL/MCFD_chute14_cam2.mp4,FALL,MCFD,MCFD_chute14,cam2
videos/FALL/MCFD_chute14_cam3.mp4,FALL,MCFD,MCFD_chute14,cam3
videos/FALL/MCFD_chute14_cam6.mp4,FALL,MCFD,MCFD_chute14,cam6
videos/FALL/MCFD_chute14_cam7.mp4,FALL,MCFD,MCFD_chute14,cam7
videos/FALL/MCFD_chute14_cam8.mp4,FALL,MCFD,MCFD_chute14,cam8
videos/FALL/MCFD_chute15_cam1.mp4,FALL,MCFD,MCFD_chute15,cam1
videos/FALL/MCFD_chute15_cam2.mp4,FALL,MCFD,MCFD_chute15,cam2
videos/FALL/MCFD_chute15_cam3.mp4,FALL,MCFD,MCFD_chute15,cam3
videos/FALL/MCFD_chute15_cam6.mp4,FALL,MCFD,MCFD_chute15,cam6
videos/FALL/MCFD_chute15_cam7.mp4,FALL,MCFD,MCFD_chute15,cam7
videos/FALL/MCFD_chute15_cam8.mp4,FALL,MCFD,MCFD_chute15,cam8
videos/FALL/MCFD_chute16_cam1.mp4,FALL,MCFD,MCFD_chute16,cam1
videos/FALL/MCFD_chute16_cam2.mp4,FALL,MCFD,MCFD_chute16,cam2
videos/FALL/MCFD_chute16_cam3.mp4,FALL,MCFD,MCFD_chute16,cam3
videos/FALL/MCFD_chute16_cam6.mp4,FALL,MCFD,MCFD_chute16,cam6
videos/FALL/MCFD_chute16_cam7.mp4,FALL,MCFD,MCFD_chute16,cam7
videos/FALL/MCFD_chute16_cam8.mp4,FALL,MCFD,MCFD_chute16,cam8
videos/FALL/MCFD_chute17_cam1.mp4,FALL,MCFD,MCFD_chute17,cam1
videos/FALL/MCFD_chute17_cam2.mp4,FALL,MCFD,MCFD_chute17,cam2
videos/FALL/MCFD_chute17_cam3.mp4,FALL,MCFD,MCFD_chute17,cam3
videos/FALL/MCFD_chute17_cam6.mp4,FALL,MCFD,MCFD_chute17,cam6
videos/FALL/MCFD_chute17_cam7.mp4,FALL,MCFD,MCFD_chute17,cam7
videos/FALL/MCFD_chute17_cam8.mp4,FALL,MCFD,MCFD_chute17,cam8
videos/FALL/MCFD_chute18_cam1.mp4,FALL,MCFD,MCFD_chute18,cam1
videos/FALL/MCFD_chute18_cam2.mp4,FALL,MCFD,MCFD_chute18,cam2
videos/FALL/MCFD_chute18_cam3.mp4,FALL,MCFD,MCFD_chute18,cam3
videos/FALL/MCFD_chute18_cam6.mp4,FALL,MCFD,MCFD_chute18,cam6
videos/FALL/MCFD_chute18_cam7.mp4,FALL,MCFD,MCFD_chute18,cam7
videos/FALL/MCFD_chute18_cam8.mp4,FALL,MCFD,MCFD_chute18,cam8
videos/FALL/MCFD_chute19_cam1.mp4,FALL,MCFD,MCFD_chute19,cam1
videos/FALL/MCFD_chute19_cam2.mp4,FALL,MCFD,MCFD_chute19,cam2
videos/FALL/MCFD_chute19_cam3.mp4,FALL,MCFD,MCFD_chute19,cam3
videos/FALL/MCFD_chute19_cam6.mp4,FALL,MCFD,MCFD_chute19,cam6
videos/FALL/MCFD_chute19_cam7.mp4,FALL,MCFD,MCFD_chute19,cam7
videos/FALL/MCFD_chute19_cam8.mp4,FALL,MCFD,MCFD_chute19,cam8
videos/FALL/MCFD_chute20_cam1.mp4,FALL,MCFD,MCFD_chute20,cam1
videos/FALL/MCFD_chute20_cam2.mp4,FALL,MCFD,MCFD_chute20,cam2
videos/FALL/MCFD_chute20_cam3.mp4,FALL,MCFD,MCFD_chute20,cam3
videos/FALL/MCFD_chute20_cam6.mp4,FALL,MCFD,MCFD_chute20,cam6
videos/FALL/MCFD_chute20_cam7.mp4,FALL,MCFD,MCFD_chute20,cam7
videos/FALL/MCFD_chute20_cam8.mp4,FALL,MCFD,MCFD_chute20,cam8
videos/FALL/MCFD_chute21_cam1.mp4,FALL,MCFD,MCFD_chute21,cam1
videos/FALL/MCFD_chute21_cam2.mp4,FALL,MCFD,MCFD_chute21,cam2
videos/FALL/MCFD_chute21_cam3.mp4,FALL,MCFD,MCFD_chute21,cam3
videos/FALL/MCFD_chute21_cam6.mp4,FALL,MCFD,MCFD_chute21,cam6
videos/FALL/MCFD_chute21_cam7.mp4,FALL,MCFD,MCFD_chute21,cam7
videos/FALL/MCFD_chute21_cam8.mp4,FALL,MCFD,MCFD_chute21,cam8
videos/FALL/MCFD_chute22_cam1.mp4,FALL,MCFD,MCFD_chute22,cam1
videos/FALL/MCFD_chute22_cam2.mp4,FALL,MCFD,MCFD_chute22,cam2
videos/FALL/MCFD_chute22_cam3.mp4,FALL,MCFD,MCFD_chute22,cam3
videos/FALL/MCFD_chute22_cam6.mp4,FALL,MCFD,MCFD_chute22,cam6
videos/FALL/MCFD_chute22_cam7.mp4,FALL,MCFD,MCFD_chute22,cam7
videos/FALL/MCFD_chute22_cam8.mp4,FALL,MCFD,MCFD_chute22,cam8
videos/FALL/MCFD_chute23_cam1.mp4,FALL,MCFD,MCFD_chute23,cam1
videos/FALL/MCFD_chute23_cam2.mp4,FALL,MCFD,MCFD_chute23,cam2
videos/FALL/MCFD_chute23_cam3.mp4,FALL,MCFD,MCFD_chute23,cam3
videos/FALL/MCFD_chute23_cam6.mp4,FALL,MCFD,MCFD_chute23,cam6
videos/FALL/MCFD_chute23_cam7.mp4,FALL,MCFD,MCFD_chute23,cam7
videos/FALL/MCFD_chute23_cam8.mp4,FALL,MCFD,MCFD_chute23,cam8
videos/NoFALL/MCFD_chute24_cam1.mp4,NoFALL,MCFD,MCFD_chute24,cam1
videos/NoFALL/MCFD_chute24_cam2.mp4,NoFALL,MCFD,MCFD_chute24,cam2
videos/NoFALL/MCFD_chute24_cam3.mp4,NoFALL,MCFD,MCFD_chute24,cam3
videos/NoFALL/MCFD_chute24_cam6.mp4,NoFALL,MCFD,MCFD_chute24,cam6
videos/NoFALL/MCFD_chute24_cam7.mp4,NoFALL,MCFD,MCFD_chute24,cam7
videos/NoFALL/MCFD_chute24_cam8.mp4,NoFALL,MCFD,MCFD_chute24,cam8
frames/NoFALL/UR_adl-01-cam0-rgb,NoFALL,UR,UR_adl01,cam0
frames/NoFALL/UR_adl-02-cam0-rgb,NoFALL,UR,UR_adl02,cam0
frames/NoFALL/UR_adl-03-cam0-rgb,NoFALL,UR,UR_adl03,cam0
frames/NoFALL/UR_adl-04-cam0-rgb,NoFALL,UR,UR_adl04,cam0
frames/NoFALL/UR_adl-05-cam0-rgb,NoFALL,UR,UR_adl05,cam0
frames/NoFALL/UR_adl-06-cam0-rgb,NoFALL,UR,UR_adl06,cam0
frames/NoFALL/UR_adl-07-cam0-rgb,NoFALL,UR,UR_adl07,cam0
frames/NoFALL/UR_adl-08-cam0-rgb,NoFALL,UR,UR_adl08,cam0
frames/NoFALL/UR_adl-09-cam0-rgb,NoFALL,UR,UR_adl09,cam0
frames/NoFALL/UR_adl-10-cam0-rgb,NoFALL,UR,UR_adl10,cam0
frames/NoFALL/UR_adl-11-cam0-rgb,NoFALL,UR,UR_adl11,cam0
frames/NoFALL/UR_adl-12-cam0-rgb,NoFALL,UR,UR_adl12,cam0
frames/NoFALL/UR_adl-13-cam0-rgb,NoFALL,UR,UR_adl13,cam0
frames/NoFALL/UR_adl-14-cam0-rgb,NoFALL,UR,UR_adl14,cam0
frames/NoFALL/UR_adl-15-cam0-rgb,NoFALL,UR,UR_adl15,cam0
frames/NoFALL/UR_adl-16-cam0-rgb,NoFALL,UR,UR_adl16,cam0
frames/NoFALL/UR_adl-17-cam0-rgb,NoFALL,UR,UR_adl17,cam0
frames/NoFALL/UR_adl-18-cam0-rgb,NoFALL,UR,UR_adl18,cam0
frames/NoFALL/UR_adl-19-cam0-rgb,NoFALL,UR,UR_adl19,cam0
frames/NoFALL/UR_adl-20-cam0-rgb,NoFALL,UR,UR_adl20,cam0
frames/NoFALL/UR_adl-21-cam0-rgb,NoFALL,UR,UR_adl21,cam0
frames/NoFALL/UR_adl-22-cam0-rgb,NoFALL,UR,UR_adl22,cam0
frames/NoFALL/UR_adl-23-cam0-rgb,NoFALL,UR,UR_adl23,cam0
frames/NoFALL/UR_adl-24-cam0-rgb,NoFALL,UR,UR_adl24,cam0
frames/NoFALL/UR_adl-25-cam0-rgb,NoFALL,UR,UR_adl25,cam0
frames/NoFALL/UR_adl-26-cam0-rgb,NoFALL,UR,UR_adl26,cam0
frames/NoFALL/UR_adl-27-cam0-rgb,NoFALL,UR,UR_adl27,cam0
frames/NoFALL/UR_adl-28-cam0-rgb,NoFALL,UR,UR_adl28,cam0
frames/NoFALL/UR_adl-29-cam0-rgb,NoFALL,UR,UR_adl29,cam0
frames/NoFALL/UR_adl-30-cam0-rgb,NoFALL,UR,UR_adl30,cam0
frames/NoFALL/UR_adl-31-cam0-rgb,NoFALL,UR,UR_adl31,cam0
frames/NoFALL/UR_adl-32-cam0-rgb,NoFALL,UR,UR_adl32,cam0
frames/NoFALL/UR_adl-33-cam0-rgb,NoFALL,UR,UR_adl33,cam0
frames/NoFALL/UR_adl-34-cam0-rgb,NoFALL,UR,UR_adl34,cam0
frames/NoFALL/UR_adl-35-cam0-rgb,NoFALL,UR,UR_adl35,cam0
frames/NoFALL/UR_adl-36-cam0-rgb,NoFALL,UR,UR_adl36,cam0
frames/NoFALL/UR_adl-37-cam0-rgb,NoFALL,UR,UR_adl37,cam0
frames/NoFALL/UR_adl-38-cam0-rgb,NoFALL,UR,UR_adl38,cam0
frames/NoFALL/UR_adl-39-cam0-rgb,NoFALL,UR,UR_adl39,cam0
frames/NoFALL/UR_adl-40-cam0-rgb,NoFALL,UR,UR_adl40,cam0
frames/FALL/UR_fall-01-cam0-rgb,FALL,UR,UR_fall01,cam0
frames/FALL/UR_fall-02-cam0-rgb,FALL,UR,UR_fall02,cam0
frames/FALL/UR_fall-03-cam0-rgb,FALL,UR,UR_fall03,cam0
frames/FALL/UR_fall-04-cam0-rgb,FALL,UR,UR_fall04,cam0
frames/FALL/UR_fall-05-cam0-rgb,FALL,UR,UR_fall05,cam0
frames/FALL/UR_fall-06-cam0-rgb,FALL,UR,UR_fall06,cam0
frames/FALL/UR_fall-07-cam0-rgb,FALL,UR,UR_fall07,cam0
frames/FALL/UR_fall-08-cam0-rgb,FALL,UR,UR_fall08,cam0
frames/FALL/UR_fall-09-cam0-rgb,FALL,UR,UR_fall09,cam0
frames/FALL/UR_fall-10-cam0-rgb,FALL,UR,UR_fall10,cam0
frames/FALL/UR_fall-11-cam0-rgb,FALL,UR,UR_fall11,cam0
frames/FALL/UR_fall-12-cam0-rgb,FALL,UR,UR_fall12,cam0
frames/FALL/UR_fall-13-cam0-rgb,FALL,UR,UR_fall13,cam0
frames/FALL/UR_fall-14-cam0-rgb,FALL,UR,UR_fall14,cam0
frames/FALL/UR_fall-15-cam0-rgb,FALL,UR,UR_fall15,cam0
frames/FALL/UR_fall-16-cam0-rgb,FALL,UR,UR_fall16,cam0
frames/FALL/UR_fall-17-cam0-rgb,FALL,UR,UR_fall17,cam0
frames/FALL/UR_fall-18-cam0-rgb,FALL,UR,UR_fall18,cam0
frames/FALL/UR_fall-19-cam0-rgb,FALL,UR,UR_fall19,cam0
frames/FALL/UR_fall-20-cam0-rgb,FALL,UR,UR_fall20,cam0
frames/FALL/UR_fall-21-cam0-rgb,FALL,UR,UR_fall21,cam0
frames/FALL/UR_fall-22-cam0-rgb,FALL,UR,UR_fall22,cam0
frames/FALL/UR_fall-23-cam0-rgb,FALL,UR,UR_fall23,cam0
frames/FALL/UR_fall-24-cam0-rgb,FALL,UR,UR_fall24,cam0
frames/FALL/UR_fall-25-cam0-rgb,FALL,UR,UR_fall25,cam0
frames/FALL/UR_fall-26-cam0-rgb,FALL,UR,UR_fall26,cam0
frames/FALL/UR_fall-27-cam0-rgb,FALL,UR,UR_fall27,cam0
frames/FALL/UR_fall-28-cam0-rgb,FALL,UR,UR_fall28,cam0
frames/FALL/UR_fall-29-cam0-rgb,FALL,UR,UR_fall29,cam0
frames/FALL/UR_fall-30-cam0-rgb,FALL,UR,UR_fall30,cam0
videos/FALL/ViFam_BackwardFall_IMG_2732.mp4,FALL,ViFam,ViFam_ViFam/BackwardFall/IMG_2732,
videos/FALL/ViFam_BackwardFall_IMG_2733.mp4,FALL,ViFam,ViFam_ViFam/BackwardFall/IMG_2733,
videos/FALL/ViFam_BackwardFall_IMG_2734.mp4,FALL,ViFam,ViFam_ViFam/BackwardFall/IMG_2734,
videos/FALL/ViFam_BackwardFall_IMG_2735.mp4,FALL,ViFam,ViFam_ViFam/BackwardFall/IMG_2735,
videos/FALL/ViFam_BackwardFall_IMG_2736.mp4,FALL,ViFam,ViFam_ViFam/BackwardFall/IMG_2736,
videos/FALL/ViFam_BackwardFall_IMG_2737.mp4,FALL,ViFam,ViFam_ViFam/BackwardFall/IMG_2737,
videos/FALL/ViFam_BackwardFall_IMG_2738.mp4,FALL,ViFam,ViFam_ViFam/BackwardFall/IMG_2738,
videos/FALL/ViFam_BackwardFall_IMG_2739.mp4,FALL,ViFam,ViFam_ViFam/BackwardFall/IMG_2739,
videos/FALL/ViFam_BackwardFall_IMG_2740.mp4,FALL,ViFam,ViFam_ViFam/BackwardFall/IMG_2740,
videos/FALL/ViFam_BackwardFall_Subject1-0328_074708000_iOS.mp4,FALL,ViFam,ViFam_ViFam/BackwardFall/Subject1-0328_074708000_iOS,
videos/FALL/ViFam_BackwardFall_Subject1-0328_074718000_iOS.mp4,FALL,ViFam,ViFam_ViFam/BackwardFall/Subject1-0328_074718000_iOS,
videos/FALL/ViFam_BackwardFall_Subject1-0328_074729000_iOS.mp4,FALL,ViFam,ViFam_ViFam/BackwardFall/Subject1-0328_074729000_iOS,
videos/FALL/ViFam_BackwardFall_Subject1-0328_074742000_iOS.mp4,FALL,ViFam,ViFam_ViFam/BackwardFall/Subject1-0328_074742000_iOS,
videos/FALL/ViFam_BackwardFall_Subject1-0328_074752000_iOS.mp4,FALL,ViFam,ViFam_ViFam/BackwardFall/Subject1-0328_074752000_iOS,
videos/FALL/ViFam_BackwardFall_Subject1-0328_074810000_iOS.mp4,FALL,ViFam,ViFam_ViFam/BackwardFall/Subject1-0328_074810000_iOS,
videos/FALL/ViFam_BackwardFall_Subject1-0328_074822000_iOS.mp4,FALL,ViFam,ViFam_ViFam/BackwardFall/Subject1-0328_074822000_iOS,
videos/FALL/ViFam_BackwardFall_Subject1-6619.mp4,FALL,ViFam,ViFam_ViFam/BackwardFall/Subject1-6619,
videos/FALL/ViFam_BackwardFall_Subject1-6621.mp4,FALL,ViFam,ViFam_ViFam/BackwardFall/Subject1-6621,
videos/FALL/ViFam_BackwardFall_Subject1-6622.mp4,FALL,ViFam,ViFam_ViFam/BackwardFall/Subject1-6622,
videos/FALL/ViFam_BackwardFall_Subject2-0328_074843000_iOS.mp4,FALL,ViFam,ViFam_ViFam/BackwardFall/Subject2-0328_074843000_iOS,
videos/FALL/ViFam_BackwardFall_Subject2-0328_074858000_iOS.mp4,FALL,ViFam,ViFam_ViFam/BackwardFall/Subject2-0328_074858000_iOS,
videos/FALL/ViFam_BackwardFall_Subject2-0328_074909000_iOS.mp4,FALL,ViFam,ViFam_ViFam/BackwardFall/Subject2-0328_074909000_iOS,
videos/FALL/ViFam_BackwardFall_Subject2-0328_074922000_iOS.mp4,FALL,ViFam,ViFam_ViFam/BackwardFall/Subject2-0328_074922000_iOS,
videos/FALL/ViFam_BackwardFall_Subject2-0328_074934000_iOS.mp4,FALL,ViFam,ViFam_ViFam/BackwardFall/Subject2-0328_074934000_iOS,
videos/FALL/ViFam_BackwardFall_Subject2-0328_074945000_iOS.mp4,FALL,ViFam,ViFam_ViFam/BackwardFall/Subject2-0328_074945000_iOS,
videos/FALL/ViFam_BackwardFall_Subject2-0328_074956000_iOS.mp4,FALL,ViFam,ViFam_ViFam/BackwardFall/Subject2-0328_074956000_iOS,
videos/FALL/ViFam_BackwardFall_Subject3-0328_084950000_iOS.mp4,FALL,ViFam,ViFam_ViFam/BackwardFall/Subject3-0328_084950000_iOS,
videos/FALL/ViFam_BackwardFall_Subject3-0328_085000000_iOS.mp4,FALL,ViFam,ViFam_ViFam/BackwardFall/Subject3-0328_085000000_iOS,
videos/FALL/ViFam_BackwardFall_Subject3-0328_085009000_iOS.mp4,FALL,ViFam,ViFam_ViFam/BackwardFall/Subject3-0328_085009000_iOS,
videos/FALL/ViFam_BackwardFall_Subject3-0328_085018000_iOS.mp4,FALL,ViFam,ViFam_ViFam/BackwardFall/Subject3-0328_085018000_iOS,
videos/FALL/ViFam_BackwardFall_Subject3-0328_085028000_iOS.mp4,FALL,ViFam,ViFam_ViFam/BackwardFall/Subject3-0328_085028000_iOS,
videos/FALL/ViFam_BackwardFall_Subject3-0328_085039000_iOS.mp4,FALL,ViFam,ViFam_ViFam/BackwardFall/Subject3-0328_085039000_iOS,
videos/FALL/ViFam_BackwardFall_Subject3-0328_085049000_iOS.mp4,FALL,ViFam,ViFam_ViFam/BackwardFall/Subject3-0328_085049000_iOS,
videos/NoFALL/WEDA_FALL_ADLs_D01.mp4,NoFALL,WEDA_FALL,WEDA_FALL_WEDA_FALL/ADLs/D01,
videos/NoFALL/WEDA_FALL_ADLs_D02.mp4,NoFALL,WEDA_FALL,WEDA_FALL_WEDA_FALL/ADLs/D02,
videos/NoFALL/WEDA_FALL_ADLs_D03.mp4,NoFALL,WEDA_FALL,WEDA_FALL_WEDA_FALL/ADLs/D03,
videos/NoFALL/WEDA_FALL_ADLs_D04.mp4,NoFALL,WEDA_FALL,WEDA_FALL_WEDA_FALL/ADLs/D04,
videos/NoFALL/WEDA_FALL_ADLs_D05.mp4,NoFALL,WEDA_FALL,WEDA_FALL_WEDA_FALL/ADLs/D05,
videos/NoFALL/WEDA_FALL_ADLs_D06.mp4,NoFALL,WEDA_FALL,WEDA_FALL_WEDA_FALL/ADLs/D06,
videos/NoFALL/WEDA_FALL_ADLs_D07.mp4,NoFALL,WEDA_FALL,WEDA_FALL_WEDA_FALL/ADLs/D07,
videos/NoFALL/WEDA_FALL_ADLs_D08.mp4,NoFALL,WEDA_FALL,WEDA_FALL_WEDA_FALL/ADLs/D08,
videos/NoFALL/WEDA_FALL_ADLs_D09.mp4,NoFALL,WEDA_FALL,WEDA_FALL_WEDA_FALL/ADLs/D09,
videos/NoFALL/WEDA_FALL_ADLs_D10.mp4,NoFALL,WEDA_FALL,WEDA_FALL_WEDA_FALL/ADLs/D10,
videos/NoFALL/WEDA_FALL_ADLs_D11.mp4,NoFALL,WEDA_FALL,WEDA_FALL_WEDA_FALL/ADLs/D11,
videos/FALL/WEDA_FALL_Falls_F01.mp4,FALL,WEDA_FALL,WEDA_FALL_WEDA_FALL/Falls/F01,
videos/FALL/WEDA_FALL_Falls_F02.mp4,FALL,WEDA_FALL,WEDA_FALL_WEDA_FALL/Falls/F02,
videos/FALL/dataset_test_Abnormal_Tung_20240912_101331.mp4,FALL,dataset_test,dataset_test_dataset_test/Abnormal/Tung_20240912_101331,
videos/FALL/dataset_test_Abnormal_Tung_20240912_102649.mp4,FALL,dataset_test,dataset_test_dataset_test/Abnormal/Tung_20240912_102649,
videos/FALL/dataset_test_Abnormal_Tung_20240912_104404.mp4,FALL,dataset_test,dataset_test_dataset_test/Abnormal/Tung_20240912_104404,
videos/FALL/dataset_test_Abnormal_Tung_20240912_105555.mp4,FALL,dataset_test,dataset_test_dataset_test/Abnormal/Tung_20240912_105555,
videos/FALL/dataset_test_Abnormal_Tung_20240912_111652.mp4,FALL,dataset_test,dataset_test_dataset_test/Abnormal/Tung_20240912_111652,
videos/FALL/dataset_test_Abnormal_Tung_20240912_112633.mp4,FALL,dataset_test,dataset_test_dataset_test/Abnormal/Tung_20240912_112633,
videos/FALL/dataset_test_Abnormal_Tung_20240912_113718.mp4,FALL,dataset_test,dataset_test_dataset_test/Abnormal/Tung_20240912_113718,
videos/FALL/dataset_test_Abnormal_Tung_20240913120805.mp4,FALL,dataset_test,dataset_test_dataset_test/Abnormal/Tung_20240913120805,
videos/FALL/dataset_test_Abnormal_Tung_20240913121447.mp4,FALL,dataset_test,dataset_test_dataset_test/Abnormal/Tung_20240913121447,
videos/FALL/dataset_test_Abnormal_Tung_20240913122146.mp4,FALL,dataset_test,dataset_test_dataset_test/Abnormal/Tung_20240913122146,
videos/FALL/dataset_test_Abnormal_Tung_20240913123101.mp4,FALL,dataset_test,dataset_test_dataset_test/Abnormal/Tung_20240913123101,
videos/FALL/dataset_test_Abnormal_Tung_20240913123453.mp4,FALL,dataset_test,dataset_test_dataset_test/Abnormal/Tung_20240913123453,
videos/FALL/dataset_test_Abnormal_Tung_20240913124200.mp4,FALL,dataset_test,dataset_test_dataset_test/Abnormal/Tung_20240913124200,
videos/FALL/dataset_test_Abnormal_Tung_20240913124610.mp4,FALL,dataset_test,dataset_test_dataset_test/Abnormal/Tung_20240913124610,
videos/FALL/dataset_test_Abnormal_Tung_20240913125129.mp4,FALL,dataset_test,dataset_test_dataset_test/Abnormal/Tung_20240913125129,
videos/FALL/dataset_test_Abnormal_Tung_20240913125537.mp4,FALL,dataset_test,dataset_test_dataset_test/Abnormal/Tung_20240913125537,
videos/FALL/dataset_test_Abnormal_Tung_20240913130055.mp4,FALL,dataset_test,dataset_test_dataset_test/Abnormal/Tung_20240913130055,
videos/FALL/dataset_test_Abnormal_Tung_20240913131137.mp4,FALL,dataset_test,dataset_test_dataset_test/Abnormal/Tung_20240913131137,
videos/FALL/dataset_test_Abnormal_Tung_20240913131517.mp4,FALL,dataset_test,dataset_test_dataset_test/Abnormal/Tung_20240913131517,
videos/FALL/dataset_test_Abnormal_Tung_20240913132114.mp4,FALL,dataset_test,dataset_test_dataset_test/Abnormal/Tung_20240913132114,
videos/FALL/dataset_test_Abnormal_Tung_20240913132429.mp4,FALL,dataset_test,dataset_test_dataset_test/Abnormal/Tung_20240913132429,
videos/FALL/dataset_test_Abnormal_Tung_20240913132817.mp4,FALL,dataset_test,dataset_test_dataset_test/Abnormal/Tung_20240913132817,
videos/FALL/dataset_test_Abnormal_Tung_20240914122423.mp4,FALL,dataset_test,dataset_test_dataset_test/Abnormal/Tung_20240914122423,
videos/FALL/dataset_test_Abnormal_Tung_20240914123009.mp4,FALL,dataset_test,dataset_test_dataset_test/Abnormal/Tung_20240914123009,
videos/FALL/dataset_test_Abnormal_Tung_20240914123744.mp4,FALL,dataset_test,dataset_test_dataset_test/Abnormal/Tung_20240914123744,
videos/FALL/dataset_test_Abnormal_Tung_20240914124348.mp4,FALL,dataset_test,dataset_test_dataset_test/Abnormal/Tung_20240914124348,
videos/FALL/dataset_test_Abnormal_Tung_20240914124856.mp4,FALL,dataset_test,dataset_test_dataset_test/Abnormal/Tung_20240914124856,
videos/FALL/dataset_test_Abnormal_Tung_20240914125248.mp4,FALL,dataset_test,dataset_test_dataset_test/Abnormal/Tung_20240914125248,
videos/FALL/dataset_test_Abnormal_Tung_20240914130343.mp4,FALL,dataset_test,dataset_test_dataset_test/Abnormal/Tung_20240914130343,
videos/FALL/dataset_test_Abnormal_Tung_20240914130750.mp4,FALL,dataset_test,dataset_test_dataset_test/Abnormal/Tung_20240914130750,
videos/FALL/dataset_test_Abnormal_Tung_20240914131157.mp4,FALL,dataset_test,dataset_test_dataset_test/Abnormal/Tung_20240914131157,
videos/FALL/dataset_test_Abnormal_Tung_20240914131644.mp4,FALL,dataset_test,dataset_test_dataset_test/Abnormal/Tung_20240914131644,
videos/FALL/dataset_test_Abnormal_Tung_20240914132100.mp4,FALL,dataset_test,dataset_test_dataset_test/Abnormal/Tung_20240914132100,
videos/FALL/dataset_test_Abnormal_Tung_20240915180309.mp4,FALL,dataset_test,dataset_test_dataset_test/Abnormal/Tung_20240915180309,
videos/FALL/dataset_test_Abnormal_Tung_20240915180810.mp4,FALL,dataset_test,dataset_test_dataset_test/Abnormal/Tung_20240915180810,
videos/FALL/dataset_test_Abnormal_Tung_20240915181323.mp4,FALL,dataset_test,dataset_test_dataset_test/Abnormal/Tung_20240915181323,
videos/FALL/dataset_test_Abnormal_Tung_20240915181746.mp4,FALL,dataset_test,dataset_test_dataset_test/Abnormal/Tung_20240915181746,
videos/FALL/dataset_test_Abnormal_Tung_20240915182112.mp4,FALL,dataset_test,dataset_test_dataset_test/Abnormal/Tung_20240915182112,
videos/FALL/dataset_test_Abnormal_Tung_20240915182510.mp4,FALL,dataset_test,dataset_test_dataset_test/Abnormal/Tung_20240915182510,
videos/FALL/dataset_test_Abnormal_Tung_20240915183454.mp4,FALL,dataset_test,dataset_test_dataset_test/Abnormal/Tung_20240915183454,
videos/FALL/dataset_test_Abnormal_Tung_20240915184023.mp4,FALL,dataset_test,dataset_test_dataset_test/Abnormal/Tung_20240915184023,
videos/FALL/dataset_test_Abnormal_Tung_20240915184635.mp4,FALL,dataset_test,dataset_test_dataset_test/Abnormal/Tung_20240915184635,
videos/FALL/dataset_test_Abnormal_Tung_20240915185303.mp4,FALL,dataset_test,dataset_test_dataset_test/Abnormal/Tung_20240915185303,
videos/FALL/dataset_test_Abnormal_Tung_20240915185632.mp4,FALL,dataset_test,dataset_test_dataset_test/Abnormal/Tung_20240915185632,
videos/FALL/dataset_test_Abnormal_Tung_20240916194257.mp4,FALL,dataset_test,dataset_test_dataset_test/Abnormal/Tung_20240916194257,
videos/FALL/dataset_test_Abnormal_Tung_20240916194717.mp4,FALL,dataset_test,dataset_test_dataset_test/Abnormal/Tung_20240916194717,
videos/FALL/dataset_test_Abnormal_Tung_20240916195218.mp4,FALL,dataset_test,dataset_test_dataset_test/Abnormal/Tung_20240916195218,
videos/FALL/dataset_test_Abnormal_Tung_20240916195654.mp4,FALL,dataset_test,dataset_test_dataset_test/Abnormal/Tung_20240916195654,
videos/FALL/dataset_test_Abnormal_Tung_20240916200027.mp4,FALL,dataset_test,dataset_test_dataset_test/Abnormal/Tung_20240916200027,
videos/FALL/dataset_test_Abnormal_Tung_20240916200449.mp4,FALL,dataset_test,dataset_test_dataset_test/Abnormal/Tung_20240916200449,
videos/FALL/dataset_test_Abnormal_Tung_20240917120604.mp4,FALL,dataset_test,dataset_test_dataset_test/Abnormal/Tung_20240917120604,
videos/FALL/dataset_test_Abnormal_Tung_20240917121151.mp4,FALL,dataset_test,dataset_test_dataset_test/Abnormal/Tung_20240917121151,
videos/FALL/dataset_test_Abnormal_Tung_20240917122005.mp4,FALL,dataset_test,dataset_test_dataset_test/Abnormal/Tung_20240917122005,
videos/FALL/dataset_test_Abnormal_Tung_20240917122304.mp4,FALL,dataset_test,dataset_test_dataset_test/Abnormal/Tung_20240917122304,
videos/FALL/dataset_test_Abnormal_Tung_20240917122738.mp4,FALL,dataset_test,dataset_test_dataset_test/Abnormal/Tung_20240917122738,
videos/FALL/dataset_test_Abnormal_Tung_20240917123226.mp4,FALL,dataset_test,dataset_test_dataset_test/Abnormal/Tung_20240917123226,
videos/FALL/dataset_test_Abnormal_Tung_20240917123728.mp4,FALL,dataset_test,dataset_test_dataset_test/Abnormal/Tung_20240917123728,
videos/FALL/dataset_test_Abnormal_Tung_20240917124401.mp4,FALL,dataset_test,dataset_test_dataset_test/Abnormal/Tung_20240917124401,
videos/FALL/dataset_test_Abnormal_Tung_20240917124906.mp4,FALL,dataset_test,dataset_test_dataset_test/Abnormal/Tung_20240917124906,
videos/FALL/dataset_test_Abnormal_Tung_20240917125451.mp4,FALL,dataset_test,dataset_test_dataset_test/Abnormal/Tung_20240917125451,
videos/FALL/dataset_test_Abnormal_Tung_20240917130006.mp4,FALL,dataset_test,dataset_test_dataset_test/Abnormal/Tung_20240917130006,
videos/FALL/dataset_test_Abnormal_Tung_20240917130939.mp4,FALL,dataset_test,dataset_test_dataset_test/Abnormal/Tung_20240917130939,
videos/FALL/dataset_test_Abnormal_Tung_20240917131332.mp4,FALL,dataset_test,dataset_test_dataset_test/Abnormal/Tung_20240917131332,
videos/FALL/dataset_test_Abnormal_Tung_20240917131732.mp4,FALL,dataset_test,dataset_test_dataset_test/Abnormal/Tung_20240917131732,
videos/FALL/dataset_test_Abnormal_Tung_20240917132058.mp4,FALL,dataset_test,dataset_test_dataset_test/Abnormal/Tung_20240917132058,
videos/FALL/dataset_test_Abnormal_Tung_20240917132423.mp4,FALL,dataset_test,dataset_test_dataset_test/Abnormal/Tung_20240917132423,
videos/FALL/dataset_test_Abnormal_Tung_20240917132826.mp4,FALL,dataset_test,dataset_test_dataset_test/Abnormal/Tung_20240917132826,
videos/FALL/dataset_test_Abnormal_Tung_20240917151430.mp4,FALL,dataset_test,dataset_test_dataset_test/Abnormal/Tung_20240917151430,
videos/FALL/dataset_test_Abnormal_Tung_20240917151941.mp4,FALL,dataset_test,dataset_test_dataset_test/Abnormal/Tung_20240917151941,
videos/FALL/dataset_test_Abnormal_Tung_20240917152555.mp4,FALL,dataset_test,dataset_test_dataset_test/Abnormal/Tung_20240917152555,
videos/FALL/dataset_test_Abnormal_Tung_20240917153052.mp4,FALL,dataset_test,dataset_test_dataset_test/Abnormal/Tung_20240917153052,
videos/FALL/dataset_test_Abnormal_Tung_20240917153534.mp4,FALL,dataset_test,dataset_test_dataset_test/Abnormal/Tung_20240917153534,
videos/FALL/dataset_test_Abnormal_Tung_20240918190131.mp4,FALL,dataset_test,dataset_test_dataset_test/Abnormal/Tung_20240918190131,
videos/FALL/dataset_test_Abnormal_Tung_20240918190708.mp4,FALL,dataset_test,dataset_test_dataset_test/Abnormal/Tung_20240918190708,
videos/FALL/dataset_test_Abnormal_Tung_20240918191103.mp4,FALL,dataset_test,dataset_test_dataset_test/Abnormal/Tung_20240918191103,
videos/FALL/dataset_test_Abnormal_Tung_20240918191424.mp4,FALL,dataset_test,dataset_test_dataset_test/Abnormal/Tung_20240918191424,
videos/FALL/dataset_test_Abnormal_Tung_20240918191704.mp4,FALL,dataset_test,dataset_test_dataset_test/Abnormal/Tung_20240918191704,
videos/FALL/dataset_test_Abnormal_Tung_20240918191958.mp4,FALL,dataset_test,dataset_test_dataset_test/Abnormal/Tung_20240918191958,
videos/FALL/dataset_test_Abnormal_Tung_20240918192533.mp4,FALL,dataset_test,dataset_test_dataset_test/Abnormal/Tung_20240918192533,
videos/FALL/dataset_test_Abnormal_Tung_20240918192827.mp4,FALL,dataset_test,dataset_test_dataset_test/Abnormal/Tung_20240918192827,
videos/FALL/dataset_test_Abnormal_Tung_20240918193235.mp4,FALL,dataset_test,dataset_test_dataset_test/Abnormal/Tung_20240918193235,
videos/FALL/dataset_test_Abnormal_Tung_20240918193632.mp4,FALL,dataset_test,dataset_test_dataset_test/Abnormal/Tung_20240918193632,
videos/FALL/dataset_test_Abnormal_Tung_20240918194001.mp4,FALL,dataset_test,dataset_test_dataset_test/Abnormal/Tung_20240918194001,
videos/FALL/dataset_test_Abnormal_Tung_20240918194736.mp4,FALL,dataset_test,dataset_test_dataset_test/Abnormal/Tung_20240918194736,
videos/FALL/dataset_test_Abnormal_Tung_20240918195822.mp4,FALL,dataset_test,dataset_test_dataset_test/Abnormal/Tung_20240918195822,
videos/FALL/dataset_test_Abnormal_Tung_20240918200237.mp4,FALL,dataset_test,dataset_test_dataset_test/Abnormal/Tung_20240918200237,
videos/FALL/dataset_test_Abnormal_Tung_20240918200631.mp4,FALL,dataset_test,dataset_test_dataset_test/Abnormal/Tung_20240918200631,
videos/FALL/dataset_test_Abnormal_Tung_20240918200914.mp4,FALL,dataset_test,dataset_test_dataset_test/Abnormal/Tung_20240918200914,
videos/FALL/dataset_test_Abnormal_Tung_20240918201223.mp4,FALL,dataset_test,dataset_test_dataset_test/Abnormal/Tung_20240918201223,
videos/FALL/dataset_test_Abnormal_Tung_20240919161320.mp4,FALL,dataset_test,dataset_test_dataset_test/Abnormal/Tung_20240919161320,
videos/FALL/dataset_test_Abnormal_Tung_20240919161612.mp4,FALL,dataset_test,dataset_test_dataset_test/Abnormal/Tung_20240919161612,
videos/FALL/dataset_test_Abnormal_Tung_20240919161946.mp4,FALL,dataset_test,dataset_test_dataset_test/Abnormal/Tung_20240919161946,
videos/FALL/dataset_test_Abnormal_Tung_20240919162333.mp4,FALL,dataset_test,dataset_test_dataset_test/Abnormal/Tung_20240919162333,
videos/FALL/dataset_test_Abnormal_Tung_20240919162659.mp4,FALL,dataset_test,dataset_test_dataset_test/Abnormal/Tung_20240919162659,
videos/FALL/dataset_test_Abnormal_Tung_20240919163003.mp4,FALL,dataset_test,dataset_test_dataset_test/Abnormal/Tung_20240919163003,
videos/FALL/dataset_test_Abnormal_Tung_20240919200650.mp4,FALL,dataset_test,dataset_test_dataset_test/Abnormal/Tung_20240919200650,
videos/FALL/dataset_test_Abnormal_Tung_20240919201211.mp4,FALL,dataset_test,dataset_test_dataset_test/Abnormal/Tung_20240919201211,
videos/FALL/dataset_test_Abnormal_Tung_20240919201746.mp4,FALL,dataset_test,dataset_test_dataset_test/Abnormal/Tung_20240919201746,
videos/FALL/dataset_test_Abnormal_Tung_20240919202201.mp4,FALL,dataset_test,dataset_test_dataset_test/Abnormal/Tung_20240919202201,
videos/FALL/dataset_test_Abnormal_Tung_20240919202605.mp4,FALL,dataset_test,dataset_test_dataset_test/Abnormal/Tung_20240919202605,
videos/FALL/dataset_test_Abnormal_Tung_20240919203136.mp4,FALL,dataset_test,dataset_test_dataset_test/Abnormal/Tung_20240919203136,
videos/FALL/dataset_test_Abnormal_Tung_20240919203604.mp4,FALL,dataset_test,dataset_test_dataset_test/Abnormal/Tung_20240919203604,
videos/FALL/dataset_test_Abnormal_Tung_20240919204136.mp4,FALL,dataset_test,dataset_test_dataset_test/Abnormal/Tung_20240919204136,
videos/FALL/dataset_test_Abnormal_Tung_20240919204539.mp4,FALL,dataset_test,dataset_test_dataset_test/Abnormal/Tung_20240919204539,
videos/FALL/dataset_test_Abnormal_Tung_20240919205102.mp4,FALL,dataset_test,dataset_test_dataset_test/Abnormal/Tung_20240919205102,
videos/FALL/dataset_test_Abnormal_Tung_20240919205700.mp4,FALL,dataset_test,dataset_test_dataset_test/Abnormal/Tung_20240919205700,
videos/FALL/dataset_test_Abnormal_Tung_C_D_0009.mp4,FALL,dataset_test,dataset_test_dataset_test/Abnormal/Tung_C_D_0009,
videos/FALL/dataset_test_Abnormal_Tung_C_D_0018.mp4,FALL,dataset_test,dataset_test_dataset_test/Abnormal/Tung_C_D_0018,
videos/FALL/dataset_test_Abnormal_Tung_C_D_0027.mp4,FALL,dataset_test,dataset_test_dataset_test/Abnormal/Tung_C_D_0027,
videos/FALL/dataset_test_Abnormal_Tung_C_D_0036.mp4,FALL,dataset_test,dataset_test_dataset_test/Abnormal/Tung_C_D_0036,
videos/FALL/dataset_test_Abnormal_Tung_C_D_0045.mp4,FALL,dataset_test,dataset_test_dataset_test/Abnormal/Tung_C_D_0045,
videos/FALL/dataset_test_Abnormal_Tung_C_D_0054.mp4,FALL,dataset_test,dataset_test_dataset_test/Abnormal/Tung_C_D_0054,
videos/FALL/dataset_test_Abnormal_Tung_C_D_0063.mp4,FALL,dataset_test,dataset_test_dataset_test/Abnormal/Tung_C_D_0063,
videos/FALL/dataset_test_Abnormal_Tung_C_D_0072.mp4,FALL,dataset_test,dataset_test_dataset_test/Abnormal/Tung_C_D_0072,
videos/FALL/dataset_test_Abnormal_Tung_C_D_0081.mp4,FALL,dataset_test,dataset_test_dataset_test/Abnormal/Tung_C_D_0081,
videos/FALL/dataset_test_Abnormal_Tung_C_D_0090_resized.mp4,FALL,dataset_test,dataset_test_dataset_test/Abnormal/Tung_C_D_0090_resized,
videos/FALL/dataset_test_Abnormal_Tung_C_D_0099_resized.mp4,FALL,dataset_test,dataset_test_dataset_test/Abnormal/Tung_C_D_0099_resized,
videos/FALL/dataset_test_Abnormal_Tung_C_D_0108.mp4,FALL,dataset_test,dataset_test_dataset_test/Abnormal/Tung_C_D_0108,
videos/FALL/dataset_test_Abnormal_Tung_C_D_0122_resized.mp4,FALL,dataset_test,dataset_test_dataset_test/Abnormal/Tung_C_D_0122_resized,
videos/FALL/dataset_test_Abnormal_Tung_C_D_0131_resized.mp4,FALL,dataset_test,dataset_test_dataset_test/Abnormal/Tung_C_D_0131_resized,
videos/FALL/dataset_test_Abnormal_Tung_C_D_0140_resized.mp4,FALL,dataset_test,dataset_test_dataset_test/Abnormal/Tung_C_D_0140_resized,
videos/FALL/dataset_test_Abnormal_Tung_C_D_0149_resized.mp4,FALL,dataset_test,dataset_test_dataset_test/Abnormal/Tung_C_D_0149_resized,
videos/FALL/dataset_test_Abnormal_Tung_C_D_0158_resized.mp4,FALL,dataset_test,dataset_test_dataset_test/Abnormal/Tung_C_D_0158_resized,
videos/FALL/dataset_test_Abnormal_Tung_C_D_0168_resized.mp4,FALL,dataset_test,dataset_test_dataset_test/Abnormal/Tung_C_D_0168_resized,
videos/FALL/dataset_test_Abnormal_Tung_C_D_0177.mp4,FALL,dataset_test,dataset_test_dataset_test/Abnormal/Tung_C_D_0177,
videos/FALL/dataset_test_Abnormal_Tung_C_D_0191.mp4,FALL,dataset_test,dataset_test_dataset_test/Abnormal/Tung_C_D_0191,
videos/FALL/dataset_test_Abnormal_Tung_C_D_0203_resized.mp4,FALL,dataset_test,dataset_test_dataset_test/Abnormal/Tung_C_D_0203_resized,
videos/FALL/dataset_test_Abnormal_Tung_C_D_0212.mp4,FALL,dataset_test,dataset_test_dataset_test/Abnormal/Tung_C_D_0212,
videos/FALL/dataset_test_Abnormal_Tung_C_D_0221.mp4,FALL,dataset_test,dataset_test_dataset_test/Abnormal/Tung_C_D_0221,
videos/FALL/dataset_test_Abnormal_Tung_C_D_0231.mp4,FALL,dataset_test,dataset_test_dataset_test/Abnormal/Tung_C_D_0231,
videos/FALL/dataset_test_Abnormal_Tung_C_D_0240.mp4,FALL,dataset_test,dataset_test_dataset_test/Abnormal/Tung_C_D_0240,
videos/FALL/dataset_test_Abnormal_Tung_C_D_0249_resized.mp4,FALL,dataset_test,dataset_test_dataset_test/Abnormal/Tung_C_D_0249_resized,
videos/FALL/dataset_test_Abnormal_Tung_C_D_0258_resized.mp4,FALL,dataset_test,dataset_test_dataset_test/Abnormal/Tung_C_D_0258_resized,
videos/FALL/dataset_test_Abnormal_Tung_C_D_0267_resized.mp4,FALL,dataset_test,dataset_test_dataset_test/Abnormal/Tung_C_D_0267_resized,
videos/FALL/dataset_test_Abnormal_Tung_C_M_09_resized.mp4,FALL,dataset_test,dataset_test_dataset_test/Abnormal/Tung_C_M_09_resized,
videos/FALL/dataset_test_Abnormal_Tung_C_M_109.mp4,FALL,dataset_test,dataset_test_dataset_test/Abnormal/Tung_C_M_109,
videos/FALL/dataset_test_Abnormal_Tung_C_M_117_resized.mp4,FALL,dataset_test,dataset_test_dataset_test/Abnormal/Tung_C_M_117_resized,
videos/FALL/dataset_test_Abnormal_Tung_C_M_125_resized.mp4,FALL,dataset_test,dataset_test_dataset_test/Abnormal/Tung_C_M_125_resized,
videos/FALL/dataset_test_Abnormal_Tung_C_M_133.mp4,FALL,dataset_test,dataset_test_dataset_test/Abnormal/Tung_C_M_133,
videos/FALL/dataset_test_Abnormal_Tung_C_M_140.mp4,FALL,dataset_test,dataset_test_dataset_test/Abnormal/Tung_C_M_140,
videos/FALL/dataset_test_Abnormal_Tung_C_M_149.mp4,FALL,dataset_test,dataset_test_dataset_test/Abnormal/Tung_C_M_149,
videos/FALL/dataset_test_Abnormal_Tung_C_M_157.mp4,FALL,dataset_test,dataset_test_dataset_test/Abnormal/Tung_C_M_157,
videos/FALL/dataset_test_Abnormal_Tung_C_M_165.mp4,FALL,dataset_test,dataset_test_dataset_test/Abnormal/Tung_C_M_165,
videos/FALL/dataset_test_Abnormal_Tung_C_M_174.mp4,FALL,dataset_test,dataset_test_dataset_test/Abnormal/Tung_C_M_174,
videos/FALL/dataset_test_Abnormal_Tung_C_M_182.mp4,FALL,dataset_test,dataset_test_dataset_test/Abnormal/Tung_C_M_182,
videos/FALL/dataset_test_Abnormal_Tung_C_M_190_resized.mp4,FALL,dataset_test,dataset_test_dataset_test/Abnormal/Tung_C_M_190_resized,
videos/FALL/dataset_test_Abnormal_Tung_C_M_199_resized.mp4,FALL,dataset_test,dataset_test_dataset_test/Abnormal/Tung_C_M_199_resized,
videos/FALL/dataset_test_Abnormal_Tung_C_M_207_resized.mp4,FALL,dataset_test,dataset_test_dataset_test/Abnormal/Tung_C_M_207_resized,
videos/FALL/dataset_test_Abnormal_Tung_C_M_214.mp4,FALL,dataset_test,dataset_test_dataset_test/Abnormal/Tung_C_M_214,
videos/FALL/dataset_test_Abnormal_Tung_C_M_222.mp4,FALL,dataset_test,dataset_test_dataset_test/Abnormal/Tung_C_M_222,
videos/FALL/dataset_test_Abnormal_Tung_C_M_26.mp4,FALL,dataset_test,dataset_test_dataset_test/Abnormal/Tung_C_M_26,
videos/FALL/dataset_test_Abnormal_Tung_C_M_35_resized.mp4,FALL,dataset_test,dataset_test_dataset_test/Abnormal/Tung_C_M_35_resized,
videos/FALL/dataset_test_Abnormal_Tung_C_M_44.mp4,FALL,dataset_test,dataset_test_dataset_test/Abnormal/Tung_C_M_44,
videos/FALL/dataset_test_Abnormal_Tung_C_M_53.mp4,FALL,dataset_test,dataset_test_dataset_test/Abnormal/Tung_C_M_53,
videos/FALL/dataset_test_Abnormal_Tung_C_M_62.mp4,FALL,dataset_test,dataset_test_dataset_test/Abnormal/Tung_C_M_62,
videos/FALL/dataset_test_Abnormal_Tung_C_M_71.mp4,FALL,dataset_test,dataset_test_dataset_test/Abnormal/Tung_C_M_71,
videos/FALL/dataset_test_Abnormal_Tung_C_M_80.mp4,FALL,dataset_test,dataset_test_dataset_test/Abnormal/Tung_C_M_80,
videos/FALL/dataset_test_Abnormal_Tung_C_M_89.mp4,FALL,dataset_test,dataset_test_dataset_test/Abnormal/Tung_C_M_89,
videos/FALL/dataset_test_Abnormal_Tung_C_M_98_resized.mp4,FALL,dataset_test,dataset_test_dataset_test/Abnormal/Tung_C_M_98_resized,
videos/FALL/dataset_test_Abnormal_Tung_C_N_08.mp4,FALL,dataset_test,dataset_test_dataset_test/Abnormal/Tung_C_N_08,
videos/FALL/dataset_test_Abnormal_Tung_C_N_106.mp4,FALL,dataset_test,dataset_test_dataset_test/Abnormal/Tung_C_N_106,
videos/FALL/dataset_test_Abnormal_Tung_C_N_114_resized.mp4,FALL,dataset_test,dataset_test_dataset_test/Abnormal/Tung_C_N_114_resized,
videos/FALL/dataset_test_Abnormal_Tung_C_N_122_resized.mp4,FALL,dataset_test,dataset_test_dataset_test/Abnormal/Tung_C_N_122_resized,
videos/FALL/dataset_test_Abnormal_Tung_C_N_130_resized.mp4,FALL,dataset_test,dataset_test_dataset_test/Abnormal/Tung_C_N_130_resized,
videos/FALL/dataset_test_Abnormal_Tung_C_N_139.mp4,FALL,dataset_test,dataset_test_dataset_test/Abnormal/Tung_C_N_139,
videos/FALL/dataset_test_Abnormal_Tung_C_N_147.mp4,FALL,dataset_test,dataset_test_dataset_test/Abnormal/Tung_C_N_147,
videos/FALL/dataset_test_Abnormal_Tung_C_N_155.mp4,FALL,dataset_test,dataset_test_dataset_test/Abnormal/Tung_C_N_155,
videos/FALL/dataset_test_Abnormal_Tung_C_N_163_resized.mp4,FALL,dataset_test,dataset_test_dataset_test/Abnormal/Tung_C_N_163_resized,
videos/FALL/dataset_test_Abnormal_Tung_C_N_171_resized.mp4,FALL,dataset_test,dataset_test_dataset_test/Abnormal/Tung_C_N_171_resized,
videos/FALL/dataset_test_Abnormal_Tung_C_N_18.mp4,FALL,dataset_test,dataset_test_dataset_test/Abnormal/Tung_C_N_18,
videos/FALL/dataset_test_Abnormal_Tung_C_N_188_resized.mp4,FALL,dataset_test,dataset_test_dataset_test/Abnormal/Tung_C_N_188_resized,
videos/FALL/dataset_test_Abnormal_Tung_C_N_196_resized.mp4,FALL,dataset_test,dataset_test_dataset_test/Abnormal/Tung_C_N_196_resized,
videos/FALL/dataset_test_Abnormal_Tung_C_N_204_resized.mp4,FALL,dataset_test,dataset_test_dataset_test/Abnormal/Tung_C_N_204_resized,
videos/FALL/dataset_test_Abnormal_Tung_C_N_212_resized.mp4,FALL,dataset_test,dataset_test_dataset_test/Abnormal/Tung_C_N_212_resized,
videos/FALL/dataset_test_Abnormal_Tung_C_N_220_resized.mp4,FALL,dataset_test,dataset_test_dataset_test/Abnormal/Tung_C_N_220_resized,
videos/FALL/dataset_test_Abnormal_Tung_C_N_229_resized.mp4,FALL,dataset_test,dataset_test_dataset_test/Abnormal/Tung_C_N_229_resized,
videos/FALL/dataset_test_Abnormal_Tung_C_N_237_resized.mp4,FALL,dataset_test,dataset_test_dataset_test/Abnormal/Tung_C_N_237_resized,
videos/FALL/dataset_test_Abnormal_Tung_C_N_245.mp4,FALL,dataset_test,dataset_test_dataset_test/Abnormal/Tung_C_N_245,
videos/FALL/dataset_test_Abnormal_Tung_C_N_26.mp4,FALL,dataset_test,dataset_test_dataset_test/Abnormal/Tung_C_N_26,
videos/FALL/dataset_test_Abnormal_Tung_C_N_284_resized.mp4,FALL,dataset_test,dataset_test_dataset_test/Abnormal/Tung_C_N_284_resized,
videos/FALL/dataset_test_Abnormal_Tung_C_N_292.mp4,FALL,dataset_test,dataset_test_dataset_test/Abnormal/Tung_C_N_292,
videos/FALL/dataset_test_Abnormal_Tung_C_N_300_resized.mp4,FALL,dataset_test,dataset_test_dataset_test/Abnormal/Tung_C_N_300_resized,
videos/FALL/dataset_test_Abnormal_Tung_C_N_309_resized.mp4,FALL,dataset_test,dataset_test_dataset_test/Abnormal/Tung_C_N_309_resized,
videos/FALL/dataset_test_Abnormal_Tung_C_N_317_resized.mp4,FALL,dataset_test,dataset_test_dataset_test/Abnormal/Tung_C_N_317_resized,
videos/FALL/dataset_test_Abnormal_Tung_C_N_342_resized.mp4,FALL,dataset_test,dataset_test_dataset_test/Abnormal/Tung_C_N_342_resized,
videos/FALL/dataset_test_Abnormal_Tung_C_N_351.mp4,FALL,dataset_test,dataset_test_dataset_test/Abnormal/Tung_C_N_351,
videos/FALL/dataset_test_Abnormal_Tung_C_N_36.mp4,FALL,dataset_test,dataset_test_dataset_test/Abnormal/Tung_C_N_36,
videos/FALL/dataset_test_Abnormal_Tung_C_N_368_resized.mp4,FALL,dataset_test,dataset_test_dataset_test/Abnormal/Tung_C_N_368_resized,
videos/FALL/dataset_test_Abnormal_Tung_C_N_376_resized.mp4,FALL,dataset_test,dataset_test_dataset_test/Abnormal/Tung_C_N_376_resized,
videos/FALL/dataset_test_Abnormal_Tung_C_N_383_resized.mp4,FALL,dataset_test,dataset_test_dataset_test/Abnormal/Tung_C_N_383_resized,
videos/FALL/dataset_test_Abnormal_Tung_C_N_391_resized.mp4,FALL,dataset_test,dataset_test_dataset_test/Abnormal/Tung_C_N_391_resized,
videos/FALL/dataset_test_Abnormal_Tung_C_N_399.mp4,FALL,dataset_test,dataset_test_dataset_test/Abnormal/Tung_C_N_399,
videos/FALL/dataset_test_Abnormal_Tung_C_N_407.mp4,FALL,dataset_test,dataset_test_dataset_test/Abnormal/Tung_C_N_407,
videos/FALL/dataset_test_Abnormal_Tung_C_N_415.mp4,FALL,dataset_test,dataset_test_dataset_test/Abnormal/Tung_C_N_415,
videos/FALL/dataset_test_Abnormal_Tung_C_N_423.mp4,FALL,dataset_test,dataset_test_dataset_test/Abnormal/Tung_C_N_423,
videos/FALL/dataset_test_Abnormal_Tung_C_N_430.mp4,FALL,dataset_test,dataset_test_dataset_test/Abnormal/Tung_C_N_430,
videos/FALL/dataset_test_Abnormal_Tung_C_N_436.mp4,FALL,dataset_test,dataset_test_dataset_test/Abnormal/Tung_C_N_436,
videos/FALL/dataset_test_Abnormal_Tung_C_N_444_resized.mp4,FALL,dataset_test,dataset_test_dataset_test/Abnormal/Tung_C_N_444_resized,
videos/FALL/dataset_test_Abnormal_Tung_C_N_452.mp4,FALL,dataset_test,dataset_test_dataset_test/Abnormal/Tung_C_N_452,
videos/FALL/dataset_test_Abnormal_Tung_C_N_460.mp4,FALL,dataset_test,dataset_test_dataset_test/Abnormal/Tung_C_N_460,
videos/FALL/dataset_test_Abnormal_Tung_C_N_469_resized.mp4,FALL,dataset_test,dataset_test_dataset_test/Abnormal/Tung_C_N_469_resized,
videos/FALL/dataset_test_Abnormal_Tung_C_N_477_resized.mp4,FALL,dataset_test,dataset_test_dataset_test/Abnormal/Tung_C_N_477_resized,
videos/FALL/dataset_test_Abnormal_Tung_C_N_485_resized.mp4,FALL,dataset_test,dataset_test_dataset_test/Abnormal/Tung_C_N_485_resized,
videos/FALL/dataset_test_Abnormal_Tung_C_N_493_resized.mp4,FALL,dataset_test,dataset_test_dataset_test/Abnormal/Tung_C_N_493_resized,
videos/FALL/dataset_test_Abnormal_Tung_C_N_501.mp4,FALL,dataset_test,dataset_test_dataset_test/Abnormal/Tung_C_N_501,
videos/FALL/dataset_test_Abnormal_Tung_C_N_51.mp4,FALL,dataset_test,dataset_test_dataset_test/Abnormal/Tung_C_N_51,
videos/FALL/dataset_test_Abnormal_Tung_C_N_518_resized.mp4,FALL,dataset_test,dataset_test_dataset_test/Abnormal/Tung_C_N_518_resized,
videos/FALL/dataset_test_Abnormal_Tung_C_N_527_resized.mp4,FALL,dataset_test,dataset_test_dataset_test/Abnormal/Tung_C_N_527_resized,
videos/FALL/dataset_test_Abnormal_Tung_C_N_535_resized.mp4,FALL,dataset_test,dataset_test_dataset_test/Abnormal/Tung_C_N_535_resized,
videos/FALL/dataset_test_Abnormal_Tung_C_N_543.mp4,FALL,dataset_test,dataset_test_dataset_test/Abnormal/Tung_C_N_543,
videos/FALL/dataset_test_Abnormal_Tung_C_N_551_resized.mp4,FALL,dataset_test,dataset_test_dataset_test/Abnormal/Tung_C_N_551_resized,
videos/FALL/dataset_test_Abnormal_Tung_C_N_61_resized.mp4,FALL,dataset_test,dataset_test_dataset_test/Abnormal/Tung_C_N_61_resized,
videos/FALL/dataset_test_Abnormal_Tung_C_N_70_resized.mp4,FALL,dataset_test,dataset_test_dataset_test/Abnormal/Tung_C_N_70_resized,
videos/FALL/dataset_test_Abnormal_Tung_C_N_79_resized.mp4,FALL,dataset_test,dataset_test_dataset_test/Abnormal/Tung_C_N_79_resized,
videos/FALL/dataset_test_Abnormal_Tung_C_N_88_resized.mp4,FALL,dataset_test,dataset_test_dataset_test/Abnormal/Tung_C_N_88_resized,
videos/FALL/dataset_test_Abnormal_Tung_C_N_97_resized.mp4,FALL,dataset_test,dataset_test_dataset_test/Abnormal/Tung_C_N_97_resized,
videos/FALL/dataset_test_Abnormal_Tung_S_D_0007.mp4,FALL,dataset_test,dataset_test_dataset_test/Abnormal/Tung_S_D_0007,
videos/FALL/dataset_test_Abnormal_Tung_S_D_0018.mp4,FALL,dataset_test,dataset_test_dataset_test/Abnormal/Tung_S_D_0018,
videos/FALL/dataset_test_Abnormal_Tung_S_D_0030_resized.mp4,FALL,dataset_test,dataset_test_dataset_test/Abnormal/Tung_S_D_0030_resized,
videos/FALL/dataset_test_Abnormal_Tung_S_D_0039_resized.mp4,FALL,dataset_test,dataset_test_dataset_test/Abnormal/Tung_S_D_0039_resized,
videos/FALL/dataset_test_Abnormal_Tung_S_D_0049.mp4,FALL,dataset_test,dataset_test_dataset_test/Abnormal/Tung_S_D_0049,
videos/FALL/dataset_test_Abnormal_Tung_S_D_0058.mp4,FALL,dataset_test,dataset_test_dataset_test/Abnormal/Tung_S_D_0058,
videos/FALL/dataset_test_Abnormal_Tung_S_D_0067.mp4,FALL,dataset_test,dataset_test_dataset_test/Abnormal/Tung_S_D_0067,
videos/FALL/dataset_test_Abnormal_Tung_S_D_0081_resized.mp4,FALL,dataset_test,dataset_test_dataset_test/Abnormal/Tung_S_D_0081_resized,
videos/FALL/dataset_test_Abnormal_Tung_S_D_0090_resized.mp4,FALL,dataset_test,dataset_test_dataset_test/Abnormal/Tung_S_D_0090_resized,
videos/FALL/dataset_test_Abnormal_Tung_S_D_0099_resized.mp4,FALL,dataset_test,dataset_test_dataset_test/Abnormal/Tung_S_D_0099_resized,
videos/FALL/dataset_test_Abnormal_Tung_S_D_0108_resized.mp4,FALL,dataset_test,dataset_test_dataset_test/Abnormal/Tung_S_D_0108_resized,
videos/FALL/dataset_test_Abnormal_Tung_S_D_0117.mp4,FALL,dataset_test,dataset_test_dataset_test/Abnormal/Tung_S_D_0117,
videos/FALL/dataset_test_Abnormal_Tung_S_D_0126.mp4,FALL,dataset_test,dataset_test_dataset_test/Abnormal/Tung_S_D_0126,
videos/FALL/dataset_test_Abnormal_Tung_S_D_0135_resized.mp4,FALL,dataset_test,dataset_test_dataset_test/Abnormal/Tung_S_D_0135_resized,
videos/FALL/dataset_test_Abnormal_Tung_S_D_0144.mp4,FALL,dataset_test,dataset_test_dataset_test/Abnormal/Tung_S_D_0144,
videos/FALL/dataset_test_Abnormal_Tung_S_D_0154_resized.mp4,FALL,dataset_test,dataset_test_dataset_test/Abnormal/Tung_S_D_0154_resized,
videos/FALL/dataset_test_Abnormal_Tung_S_D_0163_resized.mp4,FALL,dataset_test,dataset_test_dataset_test/Abnormal/Tung_S_D_0163_resized,
videos/FALL/dataset_test_Abnormal_Tung_S_D_0172.mp4,FALL,dataset_test,dataset_test_dataset_test/Abnormal/Tung_S_D_0172,
videos/FALL/dataset_test_Abnormal_Tung_S_D_0181.mp4,FALL,dataset_test,dataset_test_dataset_test/Abnormal/Tung_S_D_0181,
videos/FALL/dataset_test_Abnormal_Tung_S_D_0190.mp4,FALL,dataset_test,dataset_test_dataset_test/Abnormal/Tung_S_D_0190,
videos/FALL/dataset_test_Abnormal_Tung_S_D_0199_resized.mp4,FALL,dataset_test,dataset_test_dataset_test/Abnormal/Tung_S_D_0199_resized,
videos/FALL/dataset_test_Abnormal_Tung_S_D_0209.mp4,FALL,dataset_test,dataset_test_dataset_test/Abnormal/Tung_S_D_0209,
videos/FALL/dataset_test_Abnormal_Tung_S_D_0218.mp4,FALL,dataset_test,dataset_test_dataset_test/Abnormal/Tung_S_D_0218,
videos/FALL/dataset_test_Abnormal_Tung_S_D_0227.mp4,FALL,dataset_test,dataset_test_dataset_test/Abnormal/Tung_S_D_0227,
videos/FALL/dataset_test_Abnormal_Tung_S_D_0238_resized.mp4,FALL,dataset_test,dataset_test_dataset_test/Abnormal/Tung_S_D_0238_resized,
videos/FALL/dataset_test_Abnormal_Tung_S_D_0247_resized.mp4,FALL,dataset_test,dataset_test_dataset_test/Abnormal/Tung_S_D_0247_resized,
videos/FALL/dataset_test_Abnormal_Tung_S_D_0256.mp4,FALL,dataset_test,dataset_test_dataset_test/Abnormal/Tung_S_D_0256,
videos/FALL/dataset_test_Abnormal_Tung_S_F10_cam7.mp4,FALL,dataset_test,dataset_test_dataset_test/Abnormal/Tung_S_F10_cam7,
videos/FALL/dataset_test_Abnormal_Tung_S_F11_cam8.mp4,FALL,dataset_test,dataset_test_dataset_test/Abnormal/Tung_S_F11_cam8,
videos/FALL/dataset_test_Abnormal_Tung_S_F13_cam1.mp4,FALL,dataset_test,dataset_test_dataset_test/Abnormal/Tung_S_F13_cam1,
videos/FALL/dataset_test_Abnormal_Tung_S_F14_cam2.mp4,FALL,dataset_test,dataset_test_dataset_test/Abnormal/Tung_S_F14_cam2,
videos/FALL/dataset_test_Abnormal_Tung_S_F15_cam3.mp4,FALL,dataset_test,dataset_test_dataset_test/Abnormal/Tung_S_F15_cam3,
videos/FALL/dataset_test_Abnormal_Tung_S_F16_cam4.mp4,FALL,dataset_test,dataset_test_dataset_test/Abnormal/Tung_S_F16_cam4,
videos/FALL/dataset_test_Abnormal_Tung_S_F17_cam5.mp4,FALL,dataset_test,dataset_test_dataset_test/Abnormal/Tung_S_F17_cam5,
videos/FALL/dataset_test_Abnormal_Tung_S_F18_cam6.mp4,FALL,dataset_test,dataset_test_dataset_test/Abnormal/Tung_S_F18_cam6,
videos/FALL/dataset_test_Abnormal_Tung_S_F19_cam7.mp4,FALL,dataset_test,dataset_test_dataset_test/Abnormal/Tung_S_F19_cam7,
videos/FALL/dataset_test_Abnormal_Tung_S_F1_cam8.mp4,FALL,dataset_test,dataset_test_dataset_test/Abnormal/Tung_S_F1_cam8,
videos/FALL/dataset_test_Abnormal_Tung_S_F21_cam1.mp4,FALL,dataset_test,dataset_test_dataset_test/Abnormal/Tung_S_F21_cam1,
videos/FALL/dataset_test_Abnormal_Tung_S_F22_cam2.mp4,FALL,dataset_test,dataset_test_dataset_test/Abnormal/Tung_S_F22_cam2,
videos/FALL/dataset_test_Abnormal_Tung_S_F2_cam3.mp4,FALL,dataset_test,dataset_test_dataset_test/Abnormal/Tung_S_F2_cam3,
videos/FALL/dataset_test_Abnormal_Tung_S_F3_cam4.mp4,FALL,dataset_test,dataset_test_dataset_test/Abnormal/Tung_S_F3_cam4,
videos/FALL/dataset_test_Abnormal_Tung_S_F4_cam5.mp4,FALL,dataset_test,dataset_test_dataset_test/Abnormal/Tung_S_F4_cam5,
videos/FALL/dataset_test_Abnormal_Tung_S_F5_cam6.mp4,FALL,dataset_test,dataset_test_dataset_test/Abnormal/Tung_S_F5_cam6,
videos/FALL/dataset_test_Abnormal_Tung_S_F6_cam7.mp4,FALL,dataset_test,dataset_test_dataset_test/Abnormal/Tung_S_F6_cam7,
videos/FALL/dataset_test_Abnormal_Tung_S_F7_cam8.mp4,FALL,dataset_test,dataset_test_dataset_test/Abnormal/Tung_S_F7_cam8,
videos/FALL/dataset_test_Abnormal_Tung_S_F9_cam1.mp4,FALL,dataset_test,dataset_test_dataset_test/Abnormal/Tung_S_F9_cam1,
videos/FALL/dataset_test_Abnormal_Tung_S_M_02_resized.mp4,FALL,dataset_test,dataset_test_dataset_test/Abnormal/Tung_S_M_02_resized,
videos/FALL/dataset_test_Abnormal_Tung_S_M_101_resized.mp4,FALL,dataset_test,dataset_test_dataset_test/Abnormal/Tung_S_M_101_resized,
videos/FALL/dataset_test_Abnormal_Tung_S_M_10_resized.mp4,FALL,dataset_test,dataset_test_dataset_test/Abnormal/Tung_S_M_10_resized,
videos/FALL/dataset_test_Abnormal_Tung_S_M_118.mp4,FALL,dataset_test,dataset_test_dataset_test/Abnormal/Tung_S_M_118,
videos/FALL/dataset_test_Abnormal_Tung_S_M_126.mp4,FALL,dataset_test,dataset_test_dataset_test/Abnormal/Tung_S_M_126,
videos/FALL/dataset_test_Abnormal_Tung_S_M_134_resized.mp4,FALL,dataset_test,dataset_test_dataset_test/Abnormal/Tung_S_M_134_resized,
videos/FALL/dataset_test_Abnormal_Tung_S_M_142_resized.mp4,FALL,dataset_test,dataset_test_dataset_test/Abnormal/Tung_S_M_142_resized,
videos/FALL/dataset_test_Abnormal_Tung_S_M_150.mp4,FALL,dataset_test,dataset_test_dataset_test/Abnormal/Tung_S_M_150,
videos/FALL/dataset_test_Abnormal_Tung_S_M_159.mp4,FALL,dataset_test,dataset_test_dataset_test/Abnormal/Tung_S_M_159,
videos/FALL/dataset_test_Abnormal_Tung_S_M_167_resized.mp4,FALL,dataset_test,dataset_test_dataset_test/Abnormal/Tung_S_M_167_resized,
videos/FALL/dataset_test_Abnormal_Tung_S_M_175_resized.mp4,FALL,dataset_test,dataset_test_dataset_test/Abnormal/Tung_S_M_175_resized,
videos/FALL/dataset_test_Abnormal_Tung_S_M_183_resized.mp4,FALL,dataset_test,dataset_test_dataset_test/Abnormal/Tung_S_M_183_resized,
videos/FALL/dataset_test_Abnormal_Tung_S_M_191.mp4,FALL,dataset_test,dataset_test_dataset_test/Abnormal/Tung_S_M_191,
videos/FALL/dataset_test_Abnormal_Tung_S_M_19_resized.mp4,FALL,dataset_test,dataset_test_dataset_test/Abnormal/Tung_S_M_19_resized,
videos/FALL/dataset_test_Abnormal_Tung_S_M_208_resized.mp4,FALL,dataset_test,dataset_test_dataset_test/Abnormal/Tung_S_M_208_resized,
videos/FALL/dataset_test_Abnormal_Tung_S_M_216_resized.mp4,FALL,dataset_test,dataset_test_dataset_test/Abnormal/Tung_S_M_216_resized,
videos/FALL/dataset_test_Abnormal_Tung_S_M_224.mp4,FALL,dataset_test,dataset_test_dataset_test/Abnormal/Tung_S_M_224,
videos/FALL/dataset_test_Abnormal_Tung_S_M_234.mp4,FALL,dataset_test,dataset_test_dataset_test/Abnormal/Tung_S_M_234,
videos/FALL/dataset_test_Abnormal_Tung_S_M_246.mp4,FALL,dataset_test,dataset_test_dataset_test/Abnormal/Tung_S_M_246,
videos/FALL/dataset_test_Abnormal_Tung_S_M_29_resized.mp4,FALL,dataset_test,dataset_test_dataset_test/Abnormal/Tung_S_M_29_resized,
videos/FALL/dataset_test_Abnormal_Tung_S_M_38_resized.mp4,FALL,dataset_test,dataset_test_dataset_test/Abnormal/Tung_S_M_38_resized,
videos/FALL/dataset_test_Abnormal_Tung_S_M_47.mp4,FALL,dataset_test,dataset_test_dataset_test/Abnormal/Tung_S_M_47,
videos/FALL/dataset_test_Abnormal_Tung_S_M_56.mp4,FALL,dataset_test,dataset_test_dataset_test/Abnormal/Tung_S_M_56,
videos/FALL/dataset_test_Abnormal_Tung_S_M_65.mp4,FALL,dataset_test,dataset_test_dataset_test/Abnormal/Tung_S_M_65,
videos/FALL/dataset_test_Abnormal_Tung_S_M_74.mp4,FALL,dataset_test,dataset_test_dataset_test/Abnormal/Tung_S_M_74,
videos/FALL/dataset_test_Abnormal_Tung_S_M_83.mp4,FALL,dataset_test,dataset_test_dataset_test/Abnormal/Tung_S_M_83,
videos/FALL/dataset_test_Abnormal_Tung_S_M_92_resized.mp4,FALL,dataset_test,dataset_test_dataset_test/Abnormal/Tung_S_M_92_resized,
videos/FALL/dataset_test_Abnormal_Tung_S_N_02.mp4,FALL,dataset_test,dataset_test_dataset_test/Abnormal/Tung_S_N_02,
videos/FALL/dataset_test_Abnormal_Tung_S_N_100_resized.mp4,FALL,dataset_test,dataset_test_dataset_test/Abnormal/Tung_S_N_100_resized,
videos/FALL/dataset_test_Abnormal_Tung_S_N_109_resized.mp4,FALL,dataset_test,dataset_test_dataset_test/Abnormal/Tung_S_N_109_resized,
videos/FALL/dataset_test_Abnormal_Tung_S_N_117_resized.mp4,FALL,dataset_test,dataset_test_dataset_test/Abnormal/Tung_S_N_117_resized,
videos/FALL/dataset_test_Abnormal_Tung_S_N_125_resized.mp4,FALL,dataset_test,dataset_test_dataset_test/Abnormal/Tung_S_N_125_resized,
videos/FALL/dataset_test_Abnormal_Tung_S_N_134_resized.mp4,FALL,dataset_test,dataset_test_dataset_test/Abnormal/Tung_S_N_134_resized,
videos/FALL/dataset_test_Abnormal_Tung_S_N_144.mp4,FALL,dataset_test,dataset_test_dataset_test/Abnormal/Tung_S_N_144,
videos/FALL/dataset_test_Abnormal_Tung_S_N_152.mp4,FALL,dataset_test,dataset_test_dataset_test/Abnormal/Tung_S_N_152,
videos/FALL/dataset_test_Abnormal_Tung_S_N_160.mp4,FALL,dataset_test,dataset_test_dataset_test/Abnormal/Tung_S_N_160,
videos/FALL/dataset_test_Abnormal_Tung_S_N_169.mp4,FALL,dataset_test,dataset_test_dataset_test/Abnormal/Tung_S_N_169,
videos/FALL/dataset_test_Abnormal_Tung_S_N_178_resized.mp4,FALL,dataset_test,dataset_test_dataset_test/Abnormal/Tung_S_N_178_resized,
videos/FALL/dataset_test_Abnormal_Tung_S_N_186.mp4,FALL,dataset_test,dataset_test_dataset_test/Abnormal/Tung_S_N_186,
videos/FALL/dataset_test_Abnormal_Tung_S_N_194.mp4,FALL,dataset_test,dataset_test_dataset_test/Abnormal/Tung_S_N_194,
videos/FALL/dataset_test_Abnormal_Tung_S_N_202_resized.mp4,FALL,dataset_test,dataset_test_dataset_test/Abnormal/Tung_S_N_202_resized,
videos/FALL/dataset_test_Abnormal_Tung_S_N_210_resized.mp4,FALL,dataset_test,dataset_test_dataset_test/Abnormal/Tung_S_N_210_resized,
videos/FALL/dataset_test_Abnormal_Tung_S_N_219_resized.mp4,FALL,dataset_test,dataset_test_dataset_test/Abnormal/Tung_S_N_219_resized,
videos/FALL/dataset_test_Abnormal_Tung_S_N_227_resized.mp4,FALL,dataset_test,dataset_test_dataset_test/Abnormal/Tung_S_N_227_resized,
videos/FALL/dataset_test_Abnormal_Tung_S_N_235_resized.mp4,FALL,dataset_test,dataset_test_dataset_test/Abnormal/Tung_S_N_235_resized,
videos/FALL/dataset_test_Abnormal_Tung_S_N_243_resized.mp4,FALL,dataset_test,dataset_test_dataset_test/Abnormal/Tung_S_N_243_resized,
videos/FALL/dataset_test_Abnormal_Tung_S_N_251_resized.mp4,FALL,dataset_test,dataset_test_dataset_test/Abnormal/Tung_S_N_251_resized,
videos/FALL/dataset_test_Abnormal_Tung_S_N_26.mp4,FALL,dataset_test,dataset_test_dataset_test/Abnormal/Tung_S_N_26,
videos/FALL/dataset_test_Abnormal_Tung_S_N_27.mp4,FALL,dataset_test,dataset_test_dataset_test/Abnormal/Tung_S_N_27,
videos/FALL/dataset_test_Abnormal_Tung_S_N_287.mp4,FALL,dataset_test,dataset_test_dataset_test/Abnormal/Tung_S_N_287,
videos/FALL/dataset_test_Abnormal_Tung_S_N_299_resized.mp4,FALL,dataset_test,dataset_test_dataset_test/Abnormal/Tung_S_N_299_resized,
videos/FALL/dataset_test_Abnormal_Tung_S_N_307_resized.mp4,FALL,dataset_test,dataset_test_dataset_test/Abnormal/Tung_S_N_307_resized,
frames/FALL/extracted_falls_Video_0_fall_01,FALL,extracted_falls,EF_Video_0,
frames/FALL/extracted_falls_Video_0_fall_02,FALL,extracted_falls,EF_Video_0,
frames/FALL/extracted_falls_Video_1_fall_01,FALL,extracted_falls,EF_Video_1,
frames/FALL/extracted_falls_Video_10_fall_01,FALL,extracted_falls,EF_Video_10,
frames/FALL/extracted_falls_Video_100_fall_01,FALL,extracted_falls,EF_Video_100,
frames/FALL/extracted_falls_Video_101_fall_01,FALL,extracted_falls,EF_Video_101,
frames/FALL/extracted_falls_Video_102_fall_01,FALL,extracted_falls,EF_Video_102,
frames/FALL/extracted_falls_Video_102_fall_02,FALL,extracted_falls,EF_Video_102,
frames/FALL/extracted_falls_Video_103_fall_01,FALL,extracted_falls,EF_Video_103,
frames/FALL/extracted_falls_Video_103_fall_02,FALL,extracted_falls,EF_Video_103,
frames/FALL/extracted_falls_Video_104_fall_01,FALL,extracted_falls,EF_Video_104,
frames/FALL/extracted_falls_Video_105_fall_01,FALL,extracted_falls,EF_Video_105,
frames/FALL/extracted_falls_Video_106_fall_01,FALL,extracted_falls,EF_Video_106,
frames/FALL/extracted_falls_Video_107_fall_01,FALL,extracted_falls,EF_Video_107,
frames/FALL/extracted_falls_Video_108_fall_01,FALL,extracted_falls,EF_Video_108,
frames/FALL/extracted_falls_Video_108_fall_02,FALL,extracted_falls,EF_Video_108,
frames/FALL/extracted_falls_Video_109_fall_01,FALL,extracted_falls,EF_Video_109,
frames/FALL/extracted_falls_Video_109_fall_02,FALL,extracted_falls,EF_Video_109,
frames/FALL/extracted_falls_Video_11_fall_01,FALL,extracted_falls,EF_Video_11,
frames/FALL/extracted_falls_Video_110_fall_01,FALL,extracted_falls,EF_Video_110,
frames/FALL/extracted_falls_Video_111_fall_01,FALL,extracted_falls,EF_Video_111,
frames/FALL/extracted_falls_Video_112_fall_01,FALL,extracted_falls,EF_Video_112,
frames/FALL/extracted_falls_Video_112_fall_02,FALL,extracted_falls,EF_Video_112,
frames/FALL/extracted_falls_Video_113_fall_01,FALL,extracted_falls,EF_Video_113,
frames/FALL/extracted_falls_Video_114_fall_01,FALL,extracted_falls,EF_Video_114,
frames/FALL/extracted_falls_Video_115_fall_01,FALL,extracted_falls,EF_Video_115,
frames/FALL/extracted_falls_Video_116_fall_01,FALL,extracted_falls,EF_Video_116,
frames/FALL/extracted_falls_Video_117_fall_01,FALL,extracted_falls,EF_Video_117,
frames/FALL/extracted_falls_Video_118_fall_01,FALL,extracted_falls,EF_Video_118,
frames/FALL/extracted_falls_Video_119_fall_01,FALL,extracted_falls,EF_Video_119,
frames/FALL/extracted_falls_Video_12_fall_01,FALL,extracted_falls,EF_Video_12,
frames/FALL/extracted_falls_Video_120_fall_01,FALL,extracted_falls,EF_Video_120,
frames/FALL/extracted_falls_Video_121_fall_01,FALL,extracted_falls,EF_Video_121,
frames/FALL/extracted_falls_Video_122_fall_01,FALL,extracted_falls,EF_Video_122,
frames/FALL/extracted_falls_Video_122_fall_02,FALL,extracted_falls,EF_Video_122,
frames/FALL/extracted_falls_Video_123_fall_01,FALL,extracted_falls,EF_Video_123,
frames/FALL/extracted_falls_Video_123_fall_02,FALL,extracted_falls,EF_Video_123,
frames/FALL/extracted_falls_Video_124_fall_01,FALL,extracted_falls,EF_Video_124,
frames/FALL/extracted_falls_Video_125_fall_01,FALL,extracted_falls,EF_Video_125,
frames/FALL/extracted_falls_Video_126_fall_01,FALL,extracted_falls,EF_Video_126,
frames/FALL/extracted_falls_Video_127_fall_01,FALL,extracted_falls,EF_Video_127,
frames/FALL/extracted_falls_Video_128_fall_01,FALL,extracted_falls,EF_Video_128,
frames/FALL/extracted_falls_Video_129_fall_01,FALL,extracted_falls,EF_Video_129,
frames/FALL/extracted_falls_Video_13_fall_01,FALL,extracted_falls,EF_Video_13,
frames/FALL/extracted_falls_Video_130_fall_01,FALL,extracted_falls,EF_Video_130,
frames/FALL/extracted_falls_Video_131_fall_01,FALL,extracted_falls,EF_Video_131,
frames/FALL/extracted_falls_Video_131_fall_02,FALL,extracted_falls,EF_Video_131,
frames/FALL/extracted_falls_Video_132_fall_01,FALL,extracted_falls,EF_Video_132,
frames/FALL/extracted_falls_Video_133_fall_01,FALL,extracted_falls,EF_Video_133,
frames/FALL/extracted_falls_Video_134_fall_01,FALL,extracted_falls,EF_Video_134,
frames/FALL/extracted_falls_Video_135_fall_01,FALL,extracted_falls,EF_Video_135,
frames/FALL/extracted_falls_Video_136_fall_01,FALL,extracted_falls,EF_Video_136,
frames/FALL/extracted_falls_Video_136_fall_02,FALL,extracted_falls,EF_Video_136,
frames/FALL/extracted_falls_Video_137_fall_01,FALL,extracted_falls,EF_Video_137,
frames/FALL/extracted_falls_Video_138_fall_01,FALL,extracted_falls,EF_Video_138,
frames/FALL/extracted_falls_Video_139_fall_01,FALL,extracted_falls,EF_Video_139,
frames/FALL/extracted_falls_Video_14_fall_01,FALL,extracted_falls,EF_Video_14,
frames/FALL/extracted_falls_Video_140_fall_01,FALL,extracted_falls,EF_Video_140,
frames/FALL/extracted_falls_Video_141_fall_01,FALL,extracted_falls,EF_Video_141,
frames/FALL/extracted_falls_Video_142_fall_01,FALL,extracted_falls,EF_Video_142,
frames/FALL/extracted_falls_Video_144_fall_01,FALL,extracted_falls,EF_Video_144,
frames/FALL/extracted_falls_Video_145_fall_01,FALL,extracted_falls,EF_Video_145,
frames/FALL/extracted_falls_Video_146_fall_01,FALL,extracted_falls,EF_Video_146,
frames/FALL/extracted_falls_Video_147_fall_01,FALL,extracted_falls,EF_Video_147,
frames/FALL/extracted_falls_Video_148_fall_01,FALL,extracted_falls,EF_Video_148,
frames/FALL/extracted_falls_Video_149_fall_01,FALL,extracted_falls,EF_Video_149,
frames/FALL/extracted_falls_Video_15_fall_01,FALL,extracted_falls,EF_Video_15,
frames/FALL/extracted_falls_Video_150_fall_01,FALL,extracted_falls,EF_Video_150,
frames/FALL/extracted_falls_Video_150_fall_02,FALL,extracted_falls,EF_Video_150,
frames/FALL/extracted_falls_Video_151_fall_01,FALL,extracted_falls,EF_Video_151,
frames/FALL/extracted_falls_Video_152_fall_01,FALL,extracted_falls,EF_Video_152,
frames/FALL/extracted_falls_Video_153_fall_01,FALL,extracted_falls,EF_Video_153,
frames/FALL/extracted_falls_Video_153_fall_02,FALL,extracted_falls,EF_Video_153,
frames/FALL/extracted_falls_Video_154_fall_01,FALL,extracted_falls,EF_Video_154,
frames/FALL/extracted_falls_Video_154_fall_02,FALL,extracted_falls,EF_Video_154,
frames/FALL/extracted_falls_Video_155_fall_01,FALL,extracted_falls,EF_Video_155,
frames/FALL/extracted_falls_Video_156_fall_01,FALL,extracted_falls,EF_Video_156,
frames/FALL/extracted_falls_Video_156_fall_02,FALL,extracted_falls,EF_Video_156,
frames/FALL/extracted_falls_Video_157_fall_01,FALL,extracted_falls,EF_Video_157,
frames/FALL/extracted_falls_Video_158_fall_01,FALL,extracted_falls,EF_Video_158,
frames/FALL/extracted_falls_Video_16_fall_01,FALL,extracted_falls,EF_Video_16,
frames/FALL/extracted_falls_Video_160_fall_01,FALL,extracted_falls,EF_Video_160,
frames/FALL/extracted_falls_Video_160_fall_02,FALL,extracted_falls,EF_Video_160,
frames/FALL/extracted_falls_Video_161_fall_01,FALL,extracted_falls,EF_Video_161,
frames/FALL/extracted_falls_Video_162_fall_01,FALL,extracted_falls,EF_Video_162,
frames/FALL/extracted_falls_Video_163_fall_01,FALL,extracted_falls,EF_Video_163,
frames/FALL/extracted_falls_Video_164_fall_01,FALL,extracted_falls,EF_Video_164,
frames/FALL/extracted_falls_Video_165_fall_01,FALL,extracted_falls,EF_Video_165,
frames/FALL/extracted_falls_Video_166_fall_01,FALL,extracted_falls,EF_Video_166,
frames/FALL/extracted_falls_Video_167_fall_01,FALL,extracted_falls,EF_Video_167,
frames/FALL/extracted_falls_Video_167_fall_02,FALL,extracted_falls,EF_Video_167,
frames/FALL/extracted_falls_Video_168_fall_01,FALL,extracted_falls,EF_Video_168,
frames/FALL/extracted_falls_Video_169_fall_01,FALL,extracted_falls,EF_Video_169,
frames/FALL/extracted_falls_Video_17_fall_01,FALL,extracted_falls,EF_Video_17,
frames/FALL/extracted_falls_Video_170_fall_01,FALL,extracted_falls,EF_Video_170,
frames/FALL/extracted_falls_Video_170_fall_02,FALL,extracted_falls,EF_Video_170,
frames/FALL/extracted_falls_Video_171_fall_01,FALL,extracted_falls,EF_Video_171,
frames/FALL/extracted_falls_Video_172_fall_01,FALL,extracted_falls,EF_Video_172,
frames/FALL/extracted_falls_Video_173_fall_01,FALL,extracted_falls,EF_Video_173,
frames/FALL/extracted_falls_Video_173_fall_02,FALL,extracted_falls,EF_Video_173,
frames/FALL/extracted_falls_Video_174_fall_01,FALL,extracted_falls,EF_Video_174,
frames/FALL/extracted_falls_Video_175_fall_01,FALL,extracted_falls,EF_Video_175,
frames/FALL/extracted_falls_Video_176_fall_01,FALL,extracted_falls,EF_Video_176,
frames/FALL/extracted_falls_Video_176_fall_02,FALL,extracted_falls,EF_Video_176,
frames/FALL/extracted_falls_Video_177_fall_01,FALL,extracted_falls,EF_Video_177,
frames/FALL/extracted_falls_Video_178_fall_01,FALL,extracted_falls,EF_Video_178,
frames/FALL/extracted_falls_Video_179_fall_01,FALL,extracted_falls,EF_Video_179,
frames/FALL/extracted_falls_Video_18_fall_01,FALL,extracted_falls,EF_Video_18,
frames/FALL/extracted_falls_Video_180_fall_01,FALL,extracted_falls,EF_Video_180,
frames/FALL/extracted_falls_Video_180_fall_02,FALL,extracted_falls,EF_Video_180,
frames/FALL/extracted_falls_Video_181_fall_01,FALL,extracted_falls,EF_Video_181,
frames/FALL/extracted_falls_Video_182_fall_01,FALL,extracted_falls,EF_Video_182,
frames/FALL/extracted_falls_Video_183_fall_01,FALL,extracted_falls,EF_Video_183,
frames/FALL/extracted_falls_Video_184_fall_01,FALL,extracted_falls,EF_Video_184,
frames/FALL/extracted_falls_Video_185_fall_01,FALL,extracted_falls,EF_Video_185,
frames/FALL/extracted_falls_Video_186_fall_01,FALL,extracted_falls,EF_Video_186,
frames/FALL/extracted_falls_Video_187_fall_01,FALL,extracted_falls,EF_Video_187,
frames/FALL/extracted_falls_Video_187_fall_02,FALL,extracted_falls,EF_Video_187,
frames/FALL/extracted_falls_Video_188_fall_01,FALL,extracted_falls,EF_Video_188,
frames/FALL/extracted_falls_Video_189_fall_01,FALL,extracted_falls,EF_Video_189,
frames/FALL/extracted_falls_Video_19_fall_01,FALL,extracted_falls,EF_Video_19,
frames/FALL/extracted_falls_Video_190_fall_01,FALL,extracted_falls,EF_Video_190,
frames/FALL/extracted_falls_Video_191_fall_01,FALL,extracted_falls,EF_Video_191,
frames/FALL/extracted_falls_Video_192_fall_01,FALL,extracted_falls,EF_Video_192,
frames/FALL/extracted_falls_Video_193_fall_01,FALL,extracted_falls,EF_Video_193,
frames/FALL/extracted_falls_Video_194_fall_01,FALL,extracted_falls,EF_Video_194,
frames/FALL/extracted_falls_Video_195_fall_01,FALL,extracted_falls,EF_Video_195,
frames/FALL/extracted_falls_Video_196_fall_01,FALL,extracted_falls,EF_Video_196,
frames/FALL/extracted_falls_Video_197_fall_01,FALL,extracted_falls,EF_Video_197,
frames/FALL/extracted_falls_Video_197_fall_02,FALL,extracted_falls,EF_Video_197,
frames/FALL/extracted_falls_Video_198_fall_01,FALL,extracted_falls,EF_Video_198,
frames/FALL/extracted_falls_Video_199_fall_01,FALL,extracted_falls,EF_Video_199,
frames/FALL/extracted_falls_Video_199_fall_02,FALL,extracted_falls,EF_Video_199,
frames/FALL/extracted_falls_Video_2_fall_01,FALL,extracted_falls,EF_Video_2,
frames/FALL/extracted_falls_Video_20_fall_01,FALL,extracted_falls,EF_Video_20,
frames/FALL/extracted_falls_Video_200_fall_01,FALL,extracted_falls,EF_Video_200,
frames/FALL/extracted_falls_Video_201_fall_01,FALL,extracted_falls,EF_Video_201,
frames/FALL/extracted_falls_Video_202_fall_01,FALL,extracted_falls,EF_Video_202,
frames/FALL/extracted_falls_Video_202_fall_02,FALL,extracted_falls,EF_Video_202,
frames/FALL/extracted_falls_Video_203_fall_01,FALL,extracted_falls,EF_Video_203,
frames/FALL/extracted_falls_Video_203_fall_02,FALL,extracted_falls,EF_Video_203,
frames/FALL/extracted_falls_Video_204_fall_01,FALL,extracted_falls,EF_Video_204,
frames/FALL/extracted_falls_Video_204_fall_02,FALL,extracted_falls,EF_Video_204,
frames/FALL/extracted_falls_Video_205_fall_01,FALL,extracted_falls,EF_Video_205,
frames/FALL/extracted_falls_Video_206_fall_01,FALL,extracted_falls,EF_Video_206,
frames/FALL/extracted_falls_Video_207_fall_01,FALL,extracted_falls,EF_Video_207,
frames/FALL/extracted_falls_Video_208_fall_01,FALL,extracted_falls,EF_Video_208,
frames/FALL/extracted_falls_Video_209_fall_01,FALL,extracted_falls,EF_Video_209,
frames/FALL/extracted_falls_Video_209_fall_02,FALL,extracted_falls,EF_Video_209,
frames/FALL/extracted_falls_Video_21_fall_01,FALL,extracted_falls,EF_Video_21,
frames/FALL/extracted_falls_Video_210_fall_01,FALL,extracted_falls,EF_Video_210,
frames/FALL/extracted_falls_Video_210_fall_02,FALL,extracted_falls,EF_Video_210,
frames/FALL/extracted_falls_Video_211_fall_01,FALL,extracted_falls,EF_Video_211,
frames/FALL/extracted_falls_Video_211_fall_02,FALL,extracted_falls,EF_Video_211,
frames/FALL/extracted_falls_Video_212_fall_01,FALL,extracted_falls,EF_Video_212,
frames/FALL/extracted_falls_Video_213_fall_01,FALL,extracted_falls,EF_Video_213,
frames/FALL/extracted_falls_Video_214_fall_01,FALL,extracted_falls,EF_Video_214,
frames/FALL/extracted_falls_Video_215_fall_01,FALL,extracted_falls,EF_Video_215,
frames/FALL/extracted_falls_Video_216_fall_01,FALL,extracted_falls,EF_Video_216,
frames/FALL/extracted_falls_Video_217_fall_01,FALL,extracted_falls,EF_Video_217,
frames/FALL/extracted_falls_Video_218_fall_01,FALL,extracted_falls,EF_Video_218,
frames/FALL/extracted_falls_Video_219_fall_01,FALL,extracted_falls,EF_Video_219,
frames/FALL/extracted_falls_Video_219_fall_02,FALL,extracted_falls,EF_Video_219,
frames/FALL/extracted_falls_Video_22_fall_01,FALL,extracted_falls,EF_Video_22,
frames/FALL/extracted_falls_Video_220_fall_01,FALL,extracted_falls,EF_Video_220,
frames/FALL/extracted_falls_Video_220_fall_02,FALL,extracted_falls,EF_Video_220,
frames/FALL/extracted_falls_Video_221_fall_01,FALL,extracted_falls,EF_Video_221,
frames/FALL/extracted_falls_Video_222_fall_01,FALL,extracted_falls,EF_Video_222,
frames/FALL/extracted_falls_Video_223_fall_01,FALL,extracted_falls,EF_Video_223,
frames/FALL/extracted_falls_Video_224_fall_01,FALL,extracted_falls,EF_Video_224,
frames/FALL/extracted_falls_Video_224_fall_02,FALL,extracted_falls,EF_Video_224,
frames/FALL/extracted_falls_Video_225_fall_01,FALL,extracted_falls,EF_Video_225,
frames/FALL/extracted_falls_Video_225_fall_02,FALL,extracted_falls,EF_Video_225,
frames/FALL/extracted_falls_Video_226_fall_01,FALL,extracted_falls,EF_Video_226,
frames/FALL/extracted_falls_Video_226_fall_02,FALL,extracted_falls,EF_Video_226,
frames/FALL/extracted_falls_Video_227_fall_01,FALL,extracted_falls,EF_Video_227,
frames/FALL/extracted_falls_Video_228_fall_01,FALL,extracted_falls,EF_Video_228,
frames/FALL/extracted_falls_Video_229_fall_01,FALL,extracted_falls,EF_Video_229,
frames/FALL/extracted_falls_Video_23_fall_01,FALL,extracted_falls,EF_Video_23,
frames/FALL/extracted_falls_Video_230_fall_01,FALL,extracted_falls,EF_Video_230,
frames/FALL/extracted_falls_Video_231_fall_01,FALL,extracted_falls,EF_Video_231,
frames/FALL/extracted_falls_Video_232_fall_01,FALL,extracted_falls,EF_Video_232,
frames/FALL/extracted_falls_Video_233_fall_01,FALL,extracted_falls,EF_Video_233,
frames/FALL/extracted_falls_Video_234_fall_01,FALL,extracted_falls,EF_Video_234,
frames/FALL/extracted_falls_Video_235_fall_01,FALL,extracted_falls,EF_Video_235,
frames/FALL/extracted_falls_Video_235_fall_02,FALL,extracted_falls,EF_Video_235,
frames/FALL/extracted_falls_Video_236_fall_01,FALL,extracted_falls,EF_Video_236,
frames/FALL/extracted_falls_Video_237_fall_01,FALL,extracted_falls,EF_Video_237,
frames/FALL/extracted_falls_Video_238_fall_01,FALL,extracted_falls,EF_Video_238,
frames/FALL/extracted_falls_Video_239_fall_01,FALL,extracted_falls,EF_Video_239,
frames/FALL/extracted_falls_Video_24_fall_01,FALL,extracted_falls,EF_Video_24,
frames/FALL/extracted_falls_Video_240_fall_01,FALL,extracted_falls,EF_Video_240,
frames/FALL/extracted_falls_Video_241_fall_01,FALL,extracted_falls,EF_Video_241,
frames/FALL/extracted_falls_Video_241_fall_02,FALL,extracted_falls,EF_Video_241,
frames/FALL/extracted_falls_Video_242_fall_01,FALL,extracted_falls,EF_Video_242,
frames/FALL/extracted_falls_Video_243_fall_01,FALL,extracted_falls,EF_Video_243,
frames/FALL/extracted_falls_Video_244_fall_01,FALL,extracted_falls,EF_Video_244,
frames/FALL/extracted_falls_Video_245_fall_01,FALL,extracted_falls,EF_Video_245,
frames/FALL/extracted_falls_Video_246_fall_01,FALL,extracted_falls,EF_Video_246,
frames/FALL/extracted_falls_Video_246_fall_02,FALL,extracted_falls,EF_Video_246,
frames/FALL/extracted_falls_Video_247_fall_01,FALL,extracted_falls,EF_Video_247,
frames/FALL/extracted_falls_Video_247_fall_02,FALL,extracted_falls,EF_Video_247,
frames/FALL/extracted_falls_Video_248_fall_01,FALL,extracted_falls,EF_Video_248,
frames/FALL/extracted_falls_Video_248_fall_02,FALL,extracted_falls,EF_Video_248,
frames/FALL/extracted_falls_Video_249_fall_01,FALL,extracted_falls,EF_Video_249,
frames/FALL/extracted_falls_Video_25_fall_01,FALL,extracted_falls,EF_Video_25,
frames/FALL/extracted_falls_Video_250_fall_01,FALL,extracted_falls,EF_Video_250,
frames/FALL/extracted_falls_Video_250_fall_02,FALL,extracted_falls,EF_Video_250,
frames/FALL/extracted_falls_Video_251_fall_01,FALL,extracted_falls,EF_Video_251,
frames/FALL/extracted_falls_Video_252_fall_01,FALL,extracted_falls,EF_Video_252,
frames/FALL/extracted_falls_Video_253_fall_01,FALL,extracted_falls,EF_Video_253,
frames/FALL/extracted_falls_Video_254_fall_01,FALL,extracted_falls,EF_Video_254,
frames/FALL/extracted_falls_Video_254_fall_02,FALL,extracted_falls,EF_Video_254,
frames/FALL/extracted_falls_Video_255_fall_01,FALL,extracted_falls,EF_Video_255,
frames/FALL/extracted_falls_Video_255_fall_02,FALL,extracted_falls,EF_Video_255,
frames/FALL/extracted_falls_Video_256_fall_01,FALL,extracted_falls,EF_Video_256,
frames/FALL/extracted_falls_Video_257_fall_01,FALL,extracted_falls,EF_Video_257,
frames/FALL/extracted_falls_Video_257_fall_02,FALL,extracted_falls,EF_Video_257,
frames/FALL/extracted_falls_Video_258_fall_01,FALL,extracted_falls,EF_Video_258,
frames/FALL/extracted_falls_Video_259_fall_01,FALL,extracted_falls,EF_Video_259,
frames/FALL/extracted_falls_Video_259_fall_02,FALL,extracted_falls,EF_Video_259,
frames/FALL/extracted_falls_Video_26_fall_01,FALL,extracted_falls,EF_Video_26,
frames/FALL/extracted_falls_Video_260_fall_01,FALL,extracted_falls,EF_Video_260,
frames/FALL/extracted_falls_Video_261_fall_01,FALL,extracted_falls,EF_Video_261,
frames/FALL/extracted_falls_Video_261_fall_02,FALL,extracted_falls,EF_Video_261,
frames/FALL/extracted_falls_Video_262_fall_01,FALL,extracted_falls,EF_Video_262,
frames/FALL/extracted_falls_Video_262_fall_02,FALL,extracted_falls,EF_Video_262,
frames/FALL/extracted_falls_Video_263_fall_01,FALL,extracted_falls,EF_Video_263,
frames/FALL/extracted_falls_Video_264_fall_01,FALL,extracted_falls,EF_Video_264,
frames/FALL/extracted_falls_Video_265_fall_01,FALL,extracted_falls,EF_Video_265,
frames/FALL/extracted_falls_Video_266_fall_01,FALL,extracted_falls,EF_Video_266,
frames/FALL/extracted_falls_Video_267_fall_01,FALL,extracted_falls,EF_Video_267,
frames/FALL/extracted_falls_Video_268_fall_01,FALL,extracted_falls,EF_Video_268,
frames/FALL/extracted_falls_Video_269_fall_01,FALL,extracted_falls,EF_Video_269,
frames/FALL/extracted_falls_Video_27_fall_01,FALL,extracted_falls,EF_Video_27,
frames/FALL/extracted_falls_Video_27_fall_02,FALL,extracted_falls,EF_Video_27,
frames/FALL/extracted_falls_Video_271_fall_01,FALL,extracted_falls,EF_Video_271,
frames/FALL/extracted_falls_Video_272_fall_01,FALL,extracted_falls,EF_Video_272,
frames/FALL/extracted_falls_Video_272_fall_02,FALL,extracted_falls,EF_Video_272,
frames/FALL/extracted_falls_Video_273_fall_01,FALL,extracted_falls,EF_Video_273,
frames/FALL/extracted_falls_Video_274_fall_01,FALL,extracted_falls,EF_Video_274,
frames/FALL/extracted_falls_Video_275_fall_01,FALL,extracted_falls,EF_Video_275,
frames/FALL/extracted_falls_Video_275_fall_02,FALL,extracted_falls,EF_Video_275,
frames/FALL/extracted_falls_Video_276_fall_01,FALL,extracted_falls,EF_Video_276,
frames/FALL/extracted_falls_Video_277_fall_01,FALL,extracted_falls,EF_Video_277,
frames/FALL/extracted_falls_Video_279_fall_01,FALL,extracted_falls,EF_Video_279,
frames/FALL/extracted_falls_Video_28_fall_01,FALL,extracted_falls,EF_Video_28,
frames/FALL/extracted_falls_Video_280_fall_01,FALL,extracted_falls,EF_Video_280,
frames/FALL/extracted_falls_Video_281_fall_01,FALL,extracted_falls,EF_Video_281,
frames/FALL/extracted_falls_Video_282_fall_01,FALL,extracted_falls,EF_Video_282,
frames/FALL/extracted_falls_Video_283_fall_01,FALL,extracted_falls,EF_Video_283,
frames/FALL/extracted_falls_Video_284_fall_01,FALL,extracted_falls,EF_Video_284,
frames/FALL/extracted_falls_Video_284_fall_02,FALL,extracted_falls,EF_Video_284,
frames/FALL/extracted_falls_Video_285_fall_01,FALL,extracted_falls,EF_Video_285,
frames/FALL/extracted_falls_Video_286_fall_01,FALL,extracted_falls,EF_Video_286,
frames/FALL/extracted_falls_Video_286_fall_02,FALL,extracted_falls,EF_Video_286,
frames/FALL/extracted_falls_Video_287_fall_01,FALL,extracted_falls,EF_Video_287,
frames/FALL/extracted_falls_Video_287_fall_02,FALL,extracted_falls,EF_Video_287,
frames/FALL/extracted_falls_Video_288_fall_01,FALL,extracted_falls,EF_Video_288,
frames/FALL/extracted_falls_Video_289_fall_01,FALL,extracted_falls,EF_Video_289,
frames/FALL/extracted_falls_Video_29_fall_01,FALL,extracted_falls,EF_Video_29,
frames/FALL/extracted_falls_Video_290_fall_01,FALL,extracted_falls,EF_Video_290,
frames/FALL/extracted_falls_Video_291_fall_01,FALL,extracted_falls,EF_Video_291,
frames/FALL/extracted_falls_Video_292_fall_01,FALL,extracted_falls,EF_Video_292,
frames/FALL/extracted_falls_Video_292_fall_02,FALL,extracted_falls,EF_Video_292,
frames/FALL/extracted_falls_Video_293_fall_01,FALL,extracted_falls,EF_Video_293,
frames/FALL/extracted_falls_Video_294_fall_01,FALL,extracted_falls,EF_Video_294,
frames/FALL/extracted_falls_Video_295_fall_01,FALL,extracted_falls,EF_Video_295,
frames/FALL/extracted_falls_Video_296_fall_01,FALL,extracted_falls,EF_Video_296,
frames/FALL/extracted_falls_Video_297_fall_01,FALL,extracted_falls,EF_Video_297,
frames/FALL/extracted_falls_Video_298_fall_01,FALL,extracted_falls,EF_Video_298,
frames/FALL/extracted_falls_Video_298_fall_02,FALL,extracted_falls,EF_Video_298,
frames/FALL/extracted_falls_Video_299_fall_01,FALL,extracted_falls,EF_Video_299,
frames/FALL/extracted_falls_Video_299_fall_02,FALL,extracted_falls,EF_Video_299,
frames/FALL/extracted_falls_Video_3_fall_01,FALL,extracted_falls,EF_Video_3,
frames/FALL/extracted_falls_Video_30_fall_01,FALL,extracted_falls,EF_Video_30,
frames/FALL/extracted_falls_Video_31_fall_01,FALL,extracted_falls,EF_Video_31,
frames/FALL/extracted_falls_Video_32_fall_01,FALL,extracted_falls,EF_Video_32,
frames/FALL/extracted_falls_Video_33_fall_01,FALL,extracted_falls,EF_Video_33,
frames/FALL/extracted_falls_Video_34_fall_01,FALL,extracted_falls,EF_Video_34,
frames/FALL/extracted_falls_Video_35_fall_01,FALL,extracted_falls,EF_Video_35,
frames/FALL/extracted_falls_Video_35_fall_02,FALL,extracted_falls,EF_Video_35,
frames/FALL/extracted_falls_Video_36_fall_01,FALL,extracted_falls,EF_Video_36,
frames/FALL/extracted_falls_Video_36_fall_02,FALL,extracted_falls,EF_Video_36,
frames/FALL/extracted_falls_Video_37_fall_01,FALL,extracted_falls,EF_Video_37,
frames/FALL/extracted_falls_Video_37_fall_02,FALL,extracted_falls,EF_Video_37,
frames/FALL/extracted_falls_Video_38_fall_01,FALL,extracted_falls,EF_Video_38,
frames/FALL/extracted_falls_Video_38_fall_02,FALL,extracted_falls,EF_Video_38,
frames/FALL/extracted_falls_Video_39_fall_01,FALL,extracted_falls,EF_Video_39,
frames/FALL/extracted_falls_Video_4_fall_01,FALL,extracted_falls,EF_Video_4,
frames/FALL/extracted_falls_Video_40_fall_01,FALL,extracted_falls,EF_Video_40,
frames/FALL/extracted_falls_Video_41_fall_01,FALL,extracted_falls,EF_Video_41,
frames/FALL/extracted_falls_Video_42_fall_01,FALL,extracted_falls,EF_Video_42,
frames/FALL/extracted_falls_Video_43_fall_01,FALL,extracted_falls,EF_Video_43,
frames/FALL/extracted_falls_Video_44_fall_01,FALL,extracted_falls,EF_Video_44,
frames/FALL/extracted_falls_Video_45_fall_01,FALL,extracted_falls,EF_Video_45,
frames/FALL/extracted_falls_Video_46_fall_01,FALL,extracted_falls,EF_Video_46,
frames/FALL/extracted_falls_Video_47_fall_01,FALL,extracted_falls,EF_Video_47,
frames/FALL/extracted_falls_Video_47_fall_02,FALL,extracted_falls,EF_Video_47,
frames/FALL/extracted_falls_Video_48_fall_01,FALL,extracted_falls,EF_Video_48,
frames/FALL/extracted_falls_Video_5_fall_01,FALL,extracted_falls,EF_Video_5,
frames/FALL/extracted_falls_Video_50_fall_01,FALL,extracted_falls,EF_Video_50,
frames/FALL/extracted_falls_Video_51_fall_01,FALL,extracted_falls,EF_Video_51,
frames/FALL/extracted_falls_Video_52_fall_01,FALL,extracted_falls,EF_Video_52,
frames/FALL/extracted_falls_Video_53_fall_01,FALL,extracted_falls,EF_Video_53,
frames/FALL/extracted_falls_Video_55_fall_01,FALL,extracted_falls,EF_Video_55,
frames/FALL/extracted_falls_Video_56_fall_01,FALL,extracted_falls,EF_Video_56,
frames/FALL/extracted_falls_Video_57_fall_01,FALL,extracted_falls,EF_Video_57,
frames/FALL/extracted_falls_Video_58_fall_01,FALL,extracted_falls,EF_Video_58,
frames/FALL/extracted_falls_Video_59_fall_01,FALL,extracted_falls,EF_Video_59,
frames/FALL/extracted_falls_Video_6_fall_01,FALL,extracted_falls,EF_Video_6,
frames/FALL/extracted_falls_Video_6_fall_02,FALL,extracted_falls,EF_Video_6,
frames/FALL/extracted_falls_Video_60_fall_01,FALL,extracted_falls,EF_Video_60,
frames/FALL/extracted_falls_Video_60_fall_02,FALL,extracted_falls,EF_Video_60,
frames/FALL/extracted_falls_Video_61_fall_01,FALL,extracted_falls,EF_Video_61,
frames/FALL/extracted_falls_Video_62_fall_01,FALL,extracted_falls,EF_Video_62,
frames/FALL/extracted_falls_Video_62_fall_02,FALL,extracted_falls,EF_Video_62,
frames/FALL/extracted_falls_Video_63_fall_01,FALL,extracted_falls,EF_Video_63,
frames/FALL/extracted_falls_Video_64_fall_01,FALL,extracted_falls,EF_Video_64,
frames/FALL/extracted_falls_Video_64_fall_02,FALL,extracted_falls,EF_Video_64,
frames/FALL/extracted_falls_Video_65_fall_01,FALL,extracted_falls,EF_Video_65,
frames/FALL/extracted_falls_Video_66_fall_01,FALL,extracted_falls,EF_Video_66,
frames/FALL/extracted_falls_Video_67_fall_01,FALL,extracted_falls,EF_Video_67,
frames/FALL/extracted_falls_Video_68_fall_01,FALL,extracted_falls,EF_Video_68,
frames/FALL/extracted_falls_Video_69_fall_01,FALL,extracted_falls,EF_Video_69,
frames/FALL/extracted_falls_Video_7_fall_01,FALL,extracted_falls,EF_Video_7,
frames/FALL/extracted_falls_Video_70_fall_01,FALL,extracted_falls,EF_Video_70,
frames/FALL/extracted_falls_Video_71_fall_01,FALL,extracted_falls,EF_Video_71,
frames/FALL/extracted_falls_Video_72_fall_01,FALL,extracted_falls,EF_Video_72,
frames/FALL/extracted_falls_Video_73_fall_01,FALL,extracted_falls,EF_Video_73,
frames/FALL/extracted_falls_Video_74_fall_01,FALL,extracted_falls,EF_Video_74,
frames/FALL/extracted_falls_Video_74_fall_02,FALL,extracted_falls,EF_Video_74,
frames/FALL/extracted_falls_Video_75_fall_01,FALL,extracted_falls,EF_Video_75,
frames/FALL/extracted_falls_Video_76_fall_01,FALL,extracted_falls,EF_Video_76,
frames/FALL/extracted_falls_Video_76_fall_02,FALL,extracted_falls,EF_Video_76,
frames/FALL/extracted_falls_Video_77_fall_01,FALL,extracted_falls,EF_Video_77,
frames/FALL/extracted_falls_Video_78_fall_01,FALL,extracted_falls,EF_Video_78,
frames/FALL/extracted_falls_Video_79_fall_01,FALL,extracted_falls,EF_Video_79,
frames/FALL/extracted_falls_Video_79_fall_02,FALL,extracted_falls,EF_Video_79,
frames/FALL/extracted_falls_Video_8_fall_01,FALL,extracted_falls,EF_Video_8,
frames/FALL/extracted_falls_Video_8_fall_02,FALL,extracted_falls,EF_Video_8,
frames/FALL/extracted_falls_Video_80_fall_01,FALL,extracted_falls,EF_Video_80,
frames/FALL/extracted_falls_Video_81_fall_01,FALL,extracted_falls,EF_Video_81,
frames/FALL/extracted_falls_Video_82_fall_01,FALL,extracted_falls,EF_Video_82,
frames/FALL/extracted_falls_Video_83_fall_01,FALL,extracted_falls,EF_Video_83,
frames/FALL/extracted_falls_Video_83_fall_02,FALL,extracted_falls,EF_Video_83,
frames/FALL/extracted_falls_Video_84_fall_01,FALL,extracted_falls,EF_Video_84,
frames/FALL/extracted_falls_Video_85_fall_01,FALL,extracted_falls,EF_Video_85,
frames/FALL/extracted_falls_Video_86_fall_01,FALL,extracted_falls,EF_Video_86,
frames/FALL/extracted_falls_Video_87_fall_01,FALL,extracted_falls,EF_Video_87,
frames/FALL/extracted_falls_Video_87_fall_02,FALL,extracted_falls,EF_Video_87,
frames/FALL/extracted_falls_Video_88_fall_01,FALL,extracted_falls,EF_Video_88,
frames/FALL/extracted_falls_Video_89_fall_01,FALL,extracted_falls,EF_Video_89,
frames/FALL/extracted_falls_Video_9_fall_01,FALL,extracted_falls,EF_Video_9,
frames/FALL/extracted_falls_Video_90_fall_01,FALL,extracted_falls,EF_Video_90,
frames/FALL/extracted_falls_Video_91_fall_01,FALL,extracted_falls,EF_Video_91,
frames/FALL/extracted_falls_Video_92_fall_01,FALL,extracted_falls,EF_Video_92,
frames/FALL/extracted_falls_Video_93_fall_01,FALL,extracted_falls,EF_Video_93,
frames/FALL/extracted_falls_Video_93_fall_02,FALL,extracted_falls,EF_Video_93,
frames/FALL/extracted_falls_Video_94_fall_01,FALL,extracted_falls,EF_Video_94,
frames/FALL/extracted_falls_Video_95_fall_01,FALL,extracted_falls,EF_Video_95,
frames/FALL/extracted_falls_Video_95_fall_02,FALL,extracted_falls,EF_Video_95,
frames/FALL/extracted_falls_Video_96_fall_01,FALL,extracted_falls,EF_Video_96,
frames/FALL/extracted_falls_Video_97_fall_01,FALL,extracted_falls,EF_Video_97,
frames/FALL/extracted_falls_Video_98_fall_01,FALL,extracted_falls,EF_Video_98,
frames/FALL/extracted_falls_Video_98_fall_02,FALL,extracted_falls,EF_Video_98,
frames/FALL/extracted_falls_Video_99_fall_01,FALL,extracted_falls,EF_Video_99,
videos/NoFALL/fall_and_normal_Normal_Normal_s001_S001C001P001R001A001_rgb.mp4,NoFALL,fall_and_normal,NTU_P001,C001
videos/NoFALL/fall_and_normal_Normal_Normal_s001_S001C001P001R001A002_rgb.mp4,NoFALL,fall_and_normal,NTU_P001,C001
videos/NoFALL/fall_and_normal_Normal_Normal_s001_S001C001P001R001A003_rgb.mp4,NoFALL,fall_and_normal,NTU_P001,C001
videos/NoFALL/fall_and_normal_Normal_Normal_s001_S001C001P001R001A004_rgb.mp4,NoFALL,fall_and_normal,NTU_P001,C001
videos/NoFALL/fall_and_normal_Normal_Normal_s001_S001C001P001R001A005_rgb.mp4,NoFALL,fall_and_normal,NTU_P001,C001
videos/NoFALL/fall_and_normal_Normal_Normal_s001_S001C001P001R001A006_rgb.mp4,NoFALL,fall_and_normal,NTU_P001,C001
videos/NoFALL/fall_and_normal_Normal_Normal_s001_S001C001P001R001A007_rgb.mp4,NoFALL,fall_and_normal,NTU_P001,C001
videos/NoFALL/fall_and_normal_Normal_Normal_s001_S001C001P001R001A008_rgb.mp4,NoFALL,fall_and_normal,NTU_P001,C001
videos/NoFALL/fall_and_normal_Normal_Normal_s001_S001C001P001R001A009_rgb.mp4,NoFALL,fall_and_normal,NTU_P001,C001
videos/NoFALL/fall_and_normal_Normal_Normal_s001_S001C001P001R001A010_rgb.mp4,NoFALL,fall_and_normal,NTU_P001,C001
videos/NoFALL/fall_and_normal_Normal_Normal_s001_S001C001P001R001A011_rgb.mp4,NoFALL,fall_and_normal,NTU_P001,C001
videos/NoFALL/fall_and_normal_Normal_Normal_s001_S001C001P001R001A012_rgb.mp4,NoFALL,fall_and_normal,NTU_P001,C001
videos/NoFALL/fall_and_normal_Normal_Normal_s001_S001C001P001R001A013_rgb.mp4,NoFALL,fall_and_normal,NTU_P001,C001
videos/NoFALL/fall_and_normal_Normal_Normal_s001_S001C001P001R001A014_rgb.mp4,NoFALL,fall_and_normal,NTU_P001,C001
videos/NoFALL/fall_and_normal_Normal_Normal_s001_S001C001P001R001A015_rgb.mp4,NoFALL,fall_and_normal,NTU_P001,C001
videos/NoFALL/fall_and_normal_Normal_Normal_s001_S001C001P001R001A016_rgb.mp4,NoFALL,fall_and_normal,NTU_P001,C001
videos/NoFALL/fall_and_normal_Normal_Normal_s001_S001C001P001R001A017_rgb.mp4,NoFALL,fall_and_normal,NTU_P001,C001
videos/NoFALL/fall_and_normal_Normal_Normal_s001_S001C001P001R001A018_rgb.mp4,NoFALL,fall_and_normal,NTU_P001,C001
videos/NoFALL/fall_and_normal_Normal_Normal_s001_S001C001P001R001A019_rgb.mp4,NoFALL,fall_and_normal,NTU_P001,C001
videos/NoFALL/fall_and_normal_Normal_Normal_s001_S001C001P001R001A020_rgb.mp4,NoFALL,fall_and_normal,NTU_P001,C001
videos/NoFALL/fall_and_normal_Normal_Normal_s001_S001C001P001R001A021_rgb.mp4,NoFALL,fall_and_normal,NTU_P001,C001
videos/NoFALL/fall_and_normal_Normal_Normal_s001_S001C001P001R001A022_rgb.mp4,NoFALL,fall_and_normal,NTU_P001,C001
videos/NoFALL/fall_and_normal_Normal_Normal_s001_S001C001P001R001A023_rgb.mp4,NoFALL,fall_and_normal,NTU_P001,C001
videos/NoFALL/fall_and_normal_Normal_Normal_s001_S001C001P001R001A024_rgb.mp4,NoFALL,fall_and_normal,NTU_P001,C001
videos/NoFALL/fall_and_normal_Normal_Normal_s001_S001C001P001R001A025_rgb.mp4,NoFALL,fall_and_normal,NTU_P001,C001
videos/NoFALL/fall_and_normal_Normal_Normal_s001_S001C001P001R001A026_rgb.mp4,NoFALL,fall_and_normal,NTU_P001,C001
videos/NoFALL/fall_and_normal_Normal_Normal_s001_S001C001P001R001A027_rgb.mp4,NoFALL,fall_and_normal,NTU_P001,C001
videos/NoFALL/fall_and_normal_Normal_Normal_s001_S001C001P001R001A028_rgb.mp4,NoFALL,fall_and_normal,NTU_P001,C001
videos/NoFALL/fall_and_normal_Normal_Normal_s001_S001C001P001R001A029_rgb.mp4,NoFALL,fall_and_normal,NTU_P001,C001
videos/NoFALL/fall_and_normal_Normal_Normal_s001_S001C001P001R001A030_rgb.mp4,NoFALL,fall_and_normal,NTU_P001,C001
videos/NoFALL/fall_and_normal_Normal_Normal_s001_S001C001P001R001A031_rgb.mp4,NoFALL,fall_and_normal,NTU_P001,C001
videos/NoFALL/fall_and_normal_Normal_Normal_s001_S001C001P001R001A032_rgb.mp4,NoFALL,fall_and_normal,NTU_P001,C001
videos/NoFALL/fall_and_normal_Normal_Normal_s001_S001C001P001R001A033_rgb.mp4,NoFALL,fall_and_normal,NTU_P001,C001
videos/NoFALL/fall_and_normal_Normal_Normal_s001_S001C001P001R001A034_rgb.mp4,NoFALL,fall_and_normal,NTU_P001,C001
videos/NoFALL/fall_and_normal_Normal_Normal_s001_S001C001P001R001A035_rgb.mp4,NoFALL,fall_and_normal,NTU_P001,C001
videos/NoFALL/fall_and_normal_Normal_Normal_s001_S001C001P001R001A036_rgb.mp4,NoFALL,fall_and_normal,NTU_P001,C001
videos/NoFALL/fall_and_normal_Normal_Normal_s001_S001C001P001R001A037_rgb.mp4,NoFALL,fall_and_normal,NTU_P001,C001
videos/NoFALL/fall_and_normal_Normal_Normal_s001_S001C001P001R001A038_rgb.mp4,NoFALL,fall_and_normal,NTU_P001,C001
videos/NoFALL/fall_and_normal_Normal_Normal_s001_S001C001P001R001A039_rgb.mp4,NoFALL,fall_and_normal,NTU_P001,C001
videos/NoFALL/fall_and_normal_Normal_Normal_s001_S001C001P001R001A040_rgb.mp4,NoFALL,fall_and_normal,NTU_P001,C001
videos/NoFALL/fall_and_normal_Normal_Normal_s001_S001C001P001R001A041_rgb.mp4,NoFALL,fall_and_normal,NTU_P001,C001
videos/NoFALL/fall_and_normal_Normal_Normal_s001_S001C001P001R001A042_rgb.mp4,NoFALL,fall_and_normal,NTU_P001,C001
videos/NoFALL/fall_and_normal_Normal_Normal_s001_S001C001P001R001A044_rgb.mp4,NoFALL,fall_and_normal,NTU_P001,C001
videos/NoFALL/fall_and_normal_Normal_Normal_s001_S001C001P001R001A045_rgb.mp4,NoFALL,fall_and_normal,NTU_P001,C001
videos/NoFALL/fall_and_normal_Normal_Normal_s001_S001C001P001R001A046_rgb.mp4,NoFALL,fall_and_normal,NTU_P001,C001
videos/NoFALL/fall_and_normal_Normal_Normal_s001_S001C001P001R001A047_rgb.mp4,NoFALL,fall_and_normal,NTU_P001,C001
videos/NoFALL/fall_and_normal_Normal_Normal_s001_S001C001P001R001A048_rgb.mp4,NoFALL,fall_and_normal,NTU_P001,C001
videos/NoFALL/fall_and_normal_Normal_Normal_s001_S001C001P001R001A049_rgb.mp4,NoFALL,fall_and_normal,NTU_P001,C001
videos/NoFALL/fall_and_normal_Normal_Normal_s001_S001C001P001R001A050_rgb.mp4,NoFALL,fall_and_normal,NTU_P001,C001
videos/NoFALL/fall_and_normal_Normal_Normal_s001_S001C001P001R001A051_rgb.mp4,NoFALL,fall_and_normal,NTU_P001,C001
videos/NoFALL/fall_and_normal_Normal_Normal_s001_S001C001P001R001A052_rgb.mp4,NoFALL,fall_and_normal,NTU_P001,C001
videos/NoFALL/fall_and_normal_Normal_Normal_s001_S001C001P001R001A053_rgb.mp4,NoFALL,fall_and_normal,NTU_P001,C001
videos/NoFALL/fall_and_normal_Normal_Normal_s001_S001C001P001R001A054_rgb.mp4,NoFALL,fall_and_normal,NTU_P001,C001
videos/NoFALL/fall_and_normal_Normal_Normal_s001_S001C001P001R001A055_rgb.mp4,NoFALL,fall_and_normal,NTU_P001,C001
videos/NoFALL/fall_and_normal_Normal_Normal_s001_S001C001P001R001A056_rgb.mp4,NoFALL,fall_and_normal,NTU_P001,C001
videos/NoFALL/fall_and_normal_Normal_Normal_s001_S001C001P001R001A057_rgb.mp4,NoFALL,fall_and_normal,NTU_P001,C001
videos/NoFALL/fall_and_normal_Normal_Normal_s001_S001C001P001R001A058_rgb.mp4,NoFALL,fall_and_normal,NTU_P001,C001
videos/NoFALL/fall_and_normal_Normal_Normal_s001_S001C001P001R001A059_rgb.mp4,NoFALL,fall_and_normal,NTU_P001,C001
videos/NoFALL/fall_and_normal_Normal_Normal_s001_S001C001P001R001A060_rgb.mp4,NoFALL,fall_and_normal,NTU_P001,C001
videos/NoFALL/fall_and_normal_Normal_Normal_s001_S001C001P001R002A001_rgb.mp4,NoFALL,fall_and_normal,NTU_P001,C001
videos/NoFALL/fall_and_normal_Normal_Normal_s001_S001C001P001R002A002_rgb.mp4,NoFALL,fall_and_normal,NTU_P001,C001
videos/NoFALL/fall_and_normal_Normal_Normal_s001_S001C001P001R002A003_rgb.mp4,NoFALL,fall_and_normal,NTU_P001,C001
videos/NoFALL/fall_and_normal_Normal_Normal_s001_S001C001P001R002A004_rgb.mp4,NoFALL,fall_and_normal,NTU_P001,C001
videos/NoFALL/fall_and_normal_Normal_Normal_s001_S001C001P001R002A005_rgb.mp4,NoFALL,fall_and_normal,NTU_P001,C001
videos/NoFALL/fall_and_normal_Normal_Normal_s001_S001C001P001R002A006_rgb.mp4,NoFALL,fall_and_normal,NTU_P001,C001
videos/NoFALL/fall_and_normal_Normal_Normal_s001_S001C001P001R002A007_rgb.mp4,NoFALL,fall_and_normal,NTU_P001,C001
videos/NoFALL/fall_and_normal_Normal_Normal_s001_S001C001P001R002A008_rgb.mp4,NoFALL,fall_and_normal,NTU_P001,C001
videos/NoFALL/fall_and_normal_Normal_Normal_s001_S001C001P001R002A009_rgb.mp4,NoFALL,fall_and_normal,NTU_P001,C001
videos/NoFALL/fall_and_normal_Normal_Normal_s001_S001C001P001R002A010_rgb.mp4,NoFALL,fall_and_normal,NTU_P001,C001
videos/NoFALL/fall_and_normal_Normal_Normal_s001_S001C001P001R002A011_rgb.mp4,NoFALL,fall_and_normal,NTU_P001,C001
videos/NoFALL/fall_and_normal_Normal_Normal_s001_S001C001P001R002A012_rgb.mp4,NoFALL,fall_and_normal,NTU_P001,C001
videos/NoFALL/fall_and_normal_Normal_Normal_s001_S001C001P001R002A013_rgb.mp4,NoFALL,fall_and_normal,NTU_P001,C001
videos/NoFALL/fall_and_normal_Normal_Normal_s001_S001C001P001R002A014_rgb.mp4,NoFALL,fall_and_normal,NTU_P001,C001
videos/NoFALL/fall_and_normal_Normal_Normal_s001_S001C001P001R002A015_rgb.mp4,NoFALL,fall_and_normal,NTU_P001,C001
videos/NoFALL/fall_and_normal_Normal_Normal_s001_S001C001P001R002A016_rgb.mp4,NoFALL,fall_and_normal,NTU_P001,C001
videos/NoFALL/fall_and_normal_Normal_Normal_s001_S001C001P001R002A017_rgb.mp4,NoFALL,fall_and_normal,NTU_P001,C001
videos/NoFALL/fall_and_normal_Normal_Normal_s001_S001C001P001R002A018_rgb.mp4,NoFALL,fall_and_normal,NTU_P001,C001
videos/NoFALL/fall_and_normal_Normal_Normal_s001_S001C001P001R002A019_rgb.mp4,NoFALL,fall_and_normal,NTU_P001,C001
videos/NoFALL/fall_and_normal_Normal_Normal_s001_S001C001P001R002A020_rgb.mp4,NoFALL,fall_and_normal,NTU_P001,C001
videos/NoFALL/fall_and_normal_Normal_Normal_s001_S001C001P001R002A021_rgb.mp4,NoFALL,fall_and_normal,NTU_P001,C001
videos/NoFALL/fall_and_normal_Normal_Normal_s001_S001C001P001R002A022_rgb.mp4,NoFALL,fall_and_normal,NTU_P001,C001
videos/NoFALL/fall_and_normal_Normal_Normal_s001_S001C001P001R002A023_rgb.mp4,NoFALL,fall_and_normal,NTU_P001,C001
videos/NoFALL/fall_and_normal_Normal_Normal_s001_S001C001P001R002A024_rgb.mp4,NoFALL,fall_and_normal,NTU_P001,C001
videos/NoFALL/fall_and_normal_Normal_Normal_s001_S001C001P001R002A025_rgb.mp4,NoFALL,fall_and_normal,NTU_P001,C001
videos/NoFALL/fall_and_normal_Normal_Normal_s001_S001C001P001R002A026_rgb.mp4,NoFALL,fall_and_normal,NTU_P001,C001
videos/NoFALL/fall_and_normal_Normal_Normal_s001_S001C001P001R002A027_rgb.mp4,NoFALL,fall_and_normal,NTU_P001,C001
videos/NoFALL/fall_and_normal_Normal_Normal_s001_S001C001P001R002A028_rgb.mp4,NoFALL,fall_and_normal,NTU_P001,C001
videos/NoFALL/fall_and_normal_Normal_Normal_s001_S001C001P001R002A029_rgb.mp4,NoFALL,fall_and_normal,NTU_P001,C001
videos/NoFALL/fall_and_normal_Normal_Normal_s001_S001C001P001R002A030_rgb.mp4,NoFALL,fall_and_normal,NTU_P001,C001
videos/NoFALL/fall_and_normal_Normal_Normal_s001_S001C001P001R002A031_rgb.mp4,NoFALL,fall_and_normal,NTU_P001,C001
videos/NoFALL/fall_and_normal_Normal_Normal_s001_S001C001P001R002A032_rgb.mp4,NoFALL,fall_and_normal,NTU_P001,C001
videos/NoFALL/fall_and_normal_Normal_Normal_s001_S001C001P001R002A033_rgb.mp4,NoFALL,fall_and_normal,NTU_P001,C001
videos/NoFALL/fall_and_normal_Normal_Normal_s001_S001C001P001R002A034_rgb.mp4,NoFALL,fall_and_normal,NTU_P001,C001
videos/NoFALL/fall_and_normal_Normal_Normal_s001_S001C001P001R002A035_rgb.mp4,NoFALL,fall_and_normal,NTU_P001,C001
videos/NoFALL/fall_and_normal_Normal_Normal_s001_S001C001P001R002A036_rgb.mp4,NoFALL,fall_and_normal,NTU_P001,C001
videos/NoFALL/fall_and_normal_Normal_Normal_s001_S001C001P001R002A037_rgb.mp4,NoFALL,fall_and_normal,NTU_P001,C001
videos/NoFALL/fall_and_normal_Normal_Normal_s001_S001C001P001R002A038_rgb.mp4,NoFALL,fall_and_normal,NTU_P001,C001
videos/NoFALL/fall_and_normal_Normal_Normal_s001_S001C001P001R002A039_rgb.mp4,NoFALL,fall_and_normal,NTU_P001,C001
videos/NoFALL/fall_and_normal_Normal_Normal_s001_S001C001P001R002A040_rgb.mp4,NoFALL,fall_and_normal,NTU_P001,C001
videos/NoFALL/fall_and_normal_Normal_Normal_s001_S001C001P001R002A041_rgb.mp4,NoFALL,fall_and_normal,NTU_P001,C001
videos/NoFALL/fall_and_normal_Normal_Normal_s001_S001C001P001R002A042_rgb.mp4,NoFALL,fall_and_normal,NTU_P001,C001
videos/NoFALL/fall_and_normal_Normal_Normal_s001_S001C001P001R002A044_rgb.mp4,NoFALL,fall_and_normal,NTU_P001,C001
videos/NoFALL/fall_and_normal_Normal_Normal_s001_S001C001P001R002A045_rgb.mp4,NoFALL,fall_and_normal,NTU_P001,C001
videos/NoFALL/fall_and_normal_Normal_Normal_s001_S001C001P001R002A046_rgb.mp4,NoFALL,fall_and_normal,NTU_P001,C001
videos/NoFALL/fall_and_normal_Normal_Normal_s001_S001C001P001R002A047_rgb.mp4,NoFALL,fall_and_normal,NTU_P001,C001
videos/NoFALL/fall_and_normal_Normal_Normal_s001_S001C001P001R002A048_rgb.mp4,NoFALL,fall_and_normal,NTU_P001,C001
videos/NoFALL/fall_and_normal_Normal_Normal_s001_S001C001P001R002A049_rgb.mp4,NoFALL,fall_and_normal,NTU_P001,C001
videos/NoFALL/fall_and_normal_Normal_Normal_s001_S001C001P001R002A050_rgb.mp4,NoFALL,fall_and_normal,NTU_P001,C001
videos/NoFALL/fall_and_normal_Normal_Normal_s001_S001C001P001R002A051_rgb.mp4,NoFALL,fall_and_normal,NTU_P001,C001
videos/NoFALL/fall_and_normal_Normal_Normal_s001_S001C001P001R002A052_rgb.mp4,NoFALL,fall_and_normal,NTU_P001,C001
videos/NoFALL/fall_and_normal_Normal_Normal_s001_S001C001P001R002A053_rgb.mp4,NoFALL,fall_and_normal,NTU_P001,C001
videos/NoFALL/fall_and_normal_Normal_Normal_s001_S001C001P001R002A054_rgb.mp4,NoFALL,fall_and_normal,NTU_P001,C001
videos/NoFALL/fall_and_normal_Normal_Normal_s001_S001C001P001R002A055_rgb.mp4,NoFALL,fall_and_normal,NTU_P001,C001
videos/NoFALL/fall_and_normal_Normal_Normal_s001_S001C001P001R002A056_rgb.mp4,NoFALL,fall_and_normal,NTU_P001,C001
videos/NoFALL/fall_and_normal_Normal_Normal_s001_S001C001P001R002A057_rgb.mp4,NoFALL,fall_and_normal,NTU_P001,C001
videos/NoFALL/fall_and_normal_Normal_Normal_s001_S001C001P001R002A058_rgb.mp4,NoFALL,fall_and_normal,NTU_P001,C001
videos/NoFALL/fall_and_normal_Normal_Normal_s001_S001C001P001R002A059_rgb.mp4,NoFALL,fall_and_normal,NTU_P001,C001
videos/NoFALL/fall_and_normal_Normal_Normal_s001_S001C001P001R002A060_rgb.mp4,NoFALL,fall_and_normal,NTU_P001,C001
videos/NoFALL/fall_and_normal_Normal_Normal_s002_S002C001P003R001A001_rgb.mp4,NoFALL,fall_and_normal,NTU_P003,C001
videos/NoFALL/fall_and_normal_Normal_Normal_s002_S002C001P003R001A002_rgb.mp4,NoFALL,fall_and_normal,NTU_P003,C001
videos/NoFALL/fall_and_normal_Normal_Normal_s002_S002C001P003R001A003_rgb.mp4,NoFALL,fall_and_normal,NTU_P003,C001
videos/NoFALL/fall_and_normal_Normal_Normal_s002_S002C001P003R001A004_rgb.mp4,NoFALL,fall_and_normal,NTU_P003,C001
videos/NoFALL/fall_and_normal_Normal_Normal_s002_S002C001P003R001A005_rgb.mp4,NoFALL,fall_and_normal,NTU_P003,C001
videos/NoFALL/fall_and_normal_Normal_Normal_s002_S002C001P003R001A006_rgb.mp4,NoFALL,fall_and_normal,NTU_P003,C001
videos/NoFALL/fall_and_normal_Normal_Normal_s002_S002C001P003R001A007_rgb.mp4,NoFALL,fall_and_normal,NTU_P003,C001
videos/NoFALL/fall_and_normal_Normal_Normal_s002_S002C001P003R001A008_rgb.mp4,NoFALL,fall_and_normal,NTU_P003,C001
videos/NoFALL/fall_and_normal_Normal_Normal_s002_S002C001P003R001A009_rgb.mp4,NoFALL,fall_and_normal,NTU_P003,C001
videos/NoFALL/fall_and_normal_Normal_Normal_s002_S002C001P003R001A010_rgb.mp4,NoFALL,fall_and_normal,NTU_P003,C001
videos/NoFALL/fall_and_normal_Normal_Normal_s002_S002C001P003R001A011_rgb.mp4,NoFALL,fall_and_normal,NTU_P003,C001
videos/NoFALL/fall_and_normal_Normal_Normal_s002_S002C001P003R001A012_rgb.mp4,NoFALL,fall_and_normal,NTU_P003,C001
videos/NoFALL/fall_and_normal_Normal_Normal_s002_S002C001P003R001A013_rgb.mp4,NoFALL,fall_and_normal,NTU_P003,C001
videos/NoFALL/fall_and_normal_Normal_Normal_s002_S002C001P003R001A014_rgb.mp4,NoFALL,fall_and_normal,NTU_P003,C001
videos/NoFALL/fall_and_normal_Normal_Normal_s002_S002C001P003R001A015_rgb.mp4,NoFALL,fall_and_normal,NTU_P003,C001
videos/NoFALL/fall_and_normal_Normal_Normal_s002_S002C001P003R001A016_rgb.mp4,NoFALL,fall_and_normal,NTU_P003,C001
videos/NoFALL/fall_and_normal_Normal_Normal_s002_S002C001P003R001A017_rgb.mp4,NoFALL,fall_and_normal,NTU_P003,C001
videos/NoFALL/fall_and_normal_Normal_Normal_s002_S002C001P003R001A018_rgb.mp4,NoFALL,fall_and_normal,NTU_P003,C001
videos/NoFALL/fall_and_normal_Normal_Normal_s002_S002C001P003R001A019_rgb.mp4,NoFALL,fall_and_normal,NTU_P003,C001
videos/NoFALL/fall_and_normal_Normal_Normal_s002_S002C001P003R001A020_rgb.mp4,NoFALL,fall_and_normal,NTU_P003,C001
videos/NoFALL/fall_and_normal_Normal_Normal_s002_S002C001P003R001A021_rgb.mp4,NoFALL,fall_and_normal,NTU_P003,C001
videos/NoFALL/fall_and_normal_Normal_Normal_s002_S002C001P003R001A022_rgb.mp4,NoFALL,fall_and_normal,NTU_P003,C001
videos/NoFALL/fall_and_normal_Normal_Normal_s002_S002C001P003R001A023_rgb.mp4,NoFALL,fall_and_normal,NTU_P003,C001
videos/NoFALL/fall_and_normal_Normal_Normal_s002_S002C001P003R001A024_rgb.mp4,NoFALL,fall_and_normal,NTU_P003,C001
videos/NoFALL/fall_and_normal_Normal_Normal_s002_S002C001P003R001A025_rgb.mp4,NoFALL,fall_and_normal,NTU_P003,C001
videos/NoFALL/fall_and_normal_Normal_Normal_s002_S002C001P003R001A026_rgb.mp4,NoFALL,fall_and_normal,NTU_P003,C001
videos/NoFALL/fall_and_normal_Normal_Normal_s002_S002C001P003R001A027_rgb.mp4,NoFALL,fall_and_normal,NTU_P003,C001
videos/NoFALL/fall_and_normal_Normal_Normal_s002_S002C001P003R001A028_rgb.mp4,NoFALL,fall_and_normal,NTU_P003,C001
videos/NoFALL/fall_and_normal_Normal_Normal_s002_S002C001P003R001A029_rgb.mp4,NoFALL,fall_and_normal,NTU_P003,C001
videos/NoFALL/fall_and_normal_Normal_Normal_s002_S002C001P003R001A030_rgb.mp4,NoFALL,fall_and_normal,NTU_P003,C001
videos/NoFALL/fall_and_normal_Normal_Normal_s002_S002C001P003R001A031_rgb.mp4,NoFALL,fall_and_normal,NTU_P003,C001
videos/NoFALL/fall_and_normal_Normal_Normal_s002_S002C001P003R001A032_rgb.mp4,NoFALL,fall_and_normal,NTU_P003,C001
videos/NoFALL/fall_and_normal_Normal_Normal_s002_S002C001P003R001A033_rgb.mp4,NoFALL,fall_and_normal,NTU_P003,C001
videos/NoFALL/fall_and_normal_Normal_Normal_s002_S002C001P003R001A034_rgb.mp4,NoFALL,fall_and_normal,NTU_P003,C001
videos/NoFALL/fall_and_normal_Normal_Normal_s002_S002C001P003R001A035_rgb.mp4,NoFALL,fall_and_normal,NTU_P003,C001
videos/NoFALL/fall_and_normal_Normal_Normal_s002_S002C001P003R001A036_rgb.mp4,NoFALL,fall_and_normal,NTU_P003,C001
videos/NoFALL/fall_and_normal_Normal_Normal_s002_S002C001P003R001A037_rgb.mp4,NoFALL,fall_and_normal,NTU_P003,C001
videos/NoFALL/fall_and_normal_Normal_Normal_s002_S002C001P003R001A038_rgb.mp4,NoFALL,fall_and_normal,NTU_P003,C001
videos/NoFALL/fall_and_normal_Normal_Normal_s002_S002C001P003R001A039_rgb.mp4,NoFALL,fall_and_normal,NTU_P003,C001
videos/NoFALL/fall_and_normal_Normal_Normal_s002_S002C001P003R001A040_rgb.mp4,NoFALL,fall_and_normal,NTU_P003,C001
videos/NoFALL/fall_and_normal_Normal_Normal_s002_S002C001P003R001A041_rgb.mp4,NoFALL,fall_and_normal,NTU_P003,C001
videos/NoFALL/fall_and_normal_Normal_Normal_s002_S002C001P003R001A042_rgb.mp4,NoFALL,fall_and_normal,NTU_P003,C001
videos/NoFALL/fall_and_normal_Normal_Normal_s002_S002C001P003R001A044_rgb.mp4,NoFALL,fall_and_normal,NTU_P003,C001
videos/NoFALL/fall_and_normal_Normal_Normal_s002_S002C001P003R001A045_rgb.mp4,NoFALL,fall_and_normal,NTU_P003,C001
videos/NoFALL/fall_and_normal_Normal_Normal_s002_S002C001P003R001A046_rgb.mp4,NoFALL,fall_and_normal,NTU_P003,C001
videos/NoFALL/fall_and_normal_Normal_Normal_s002_S002C001P003R001A047_rgb.mp4,NoFALL,fall_and_normal,NTU_P003,C001
videos/NoFALL/fall_and_normal_Normal_Normal_s002_S002C001P003R001A048_rgb.mp4,NoFALL,fall_and_normal,NTU_P003,C001
videos/NoFALL/fall_and_normal_Normal_Normal_s002_S002C001P003R001A049_rgb.mp4,NoFALL,fall_and_normal,NTU_P003,C001
videos/NoFALL/fall_and_normal_Normal_Normal_s002_S002C001P003R001A050_rgb.mp4,NoFALL,fall_and_normal,NTU_P003,C001
videos/NoFALL/fall_and_normal_Normal_Normal_s002_S002C001P003R001A051_rgb.mp4,NoFALL,fall_and_normal,NTU_P003,C001
videos/NoFALL/fall_and_normal_Normal_Normal_s002_S002C001P003R001A052_rgb.mp4,NoFALL,fall_and_normal,NTU_P003,C001
videos/NoFALL/fall_and_normal_Normal_Normal_s002_S002C001P003R001A053_rgb.mp4,NoFALL,fall_and_normal,NTU_P003,C001
videos/NoFALL/fall_and_normal_Normal_Normal_s002_S002C001P003R001A054_rgb.mp4,NoFALL,fall_and_normal,NTU_P003,C001
videos/NoFALL/fall_and_normal_Normal_Normal_s002_S002C001P003R001A055_rgb.mp4,NoFALL,fall_and_normal,NTU_P003,C001
videos/NoFALL/fall_and_normal_Normal_Normal_s002_S002C001P003R001A056_rgb.mp4,NoFALL,fall_and_normal,NTU_P003,C001
videos/NoFALL/fall_and_normal_Normal_Normal_s002_S002C001P003R001A057_rgb.mp4,NoFALL,fall_and_normal,NTU_P003,C001
videos/NoFALL/fall_and_normal_Normal_Normal_s002_S002C001P003R001A058_rgb.mp4,NoFALL,fall_and_normal,NTU_P003,C001
videos/NoFALL/fall_and_normal_Normal_Normal_s002_S002C001P003R001A059_rgb.mp4,NoFALL,fall_and_normal,NTU_P003,C001
videos/NoFALL/fall_and_normal_Normal_Normal_s002_S002C001P003R001A060_rgb.mp4,NoFALL,fall_and_normal,NTU_P003,C001
videos/NoFALL/fall_and_normal_Normal_Normal_s002_S002C001P003R002A001_rgb.mp4,NoFALL,fall_and_normal,NTU_P003,C001
videos/NoFALL/fall_and_normal_Normal_Normal_s002_S002C001P003R002A002_rgb.mp4,NoFALL,fall_and_normal,NTU_P003,C001
videos/NoFALL/fall_and_normal_Normal_Normal_s002_S002C001P003R002A003_rgb.mp4,NoFALL,fall_and_normal,NTU_P003,C001
videos/NoFALL/fall_and_normal_Normal_Normal_s002_S002C001P003R002A004_rgb.mp4,NoFALL,fall_and_normal,NTU_P003,C001
videos/NoFALL/fall_and_normal_Normal_Normal_s002_S002C001P003R002A005_rgb.mp4,NoFALL,fall_and_normal,NTU_P003,C001
videos/NoFALL/fall_and_normal_Normal_Normal_s002_S002C001P003R002A006_rgb.mp4,NoFALL,fall_and_normal,NTU_P003,C001
videos/NoFALL/fall_and_normal_Normal_Normal_s002_S002C001P003R002A007_rgb.mp4,NoFALL,fall_and_normal,NTU_P003,C001
videos/NoFALL/fall_and_normal_Normal_Normal_s002_S002C001P003R002A008_rgb.mp4,NoFALL,fall_and_normal,NTU_P003,C001
videos/NoFALL/fall_and_normal_Normal_Normal_s002_S002C001P003R002A009_rgb.mp4,NoFALL,fall_and_normal,NTU_P003,C001
videos/NoFALL/fall_and_normal_Normal_Normal_s002_S002C001P003R002A010_rgb.mp4,NoFALL,fall_and_normal,NTU_P003,C001
videos/NoFALL/fall_and_normal_Normal_Normal_s002_S002C001P003R002A011_rgb.mp4,NoFALL,fall_and_normal,NTU_P003,C001
videos/NoFALL/fall_and_normal_Normal_Normal_s002_S002C001P003R002A012_rgb.mp4,NoFALL,fall_and_normal,NTU_P003,C001
videos/NoFALL/fall_and_normal_Normal_Normal_s002_S002C001P003R002A013_rgb.mp4,NoFALL,fall_and_normal,NTU_P003,C001
videos/NoFALL/fall_and_normal_Normal_Normal_s002_S002C001P003R002A014_rgb.mp4,NoFALL,fall_and_normal,NTU_P003,C001
videos/NoFALL/fall_and_normal_Normal_Normal_s002_S002C001P003R002A015_rgb.mp4,NoFALL,fall_and_normal,NTU_P003,C001
videos/NoFALL/fall_and_normal_Normal_Normal_s002_S002C001P003R002A016_rgb.mp4,NoFALL,fall_and_normal,NTU_P003,C001
videos/NoFALL/fall_and_normal_Normal_Normal_s002_S002C001P003R002A017_rgb.mp4,NoFALL,fall_and_normal,NTU_P003,C001
videos/NoFALL/fall_and_normal_Normal_Normal_s002_S002C001P003R002A018_rgb.mp4,NoFALL,fall_and_normal,NTU_P003,C001
videos/NoFALL/fall_and_normal_Normal_Normal_s002_S002C001P003R002A019_rgb.mp4,NoFALL,fall_and_normal,NTU_P003,C001
videos/NoFALL/fall_and_normal_Normal_Normal_s002_S002C001P003R002A020_rgb.mp4,NoFALL,fall_and_normal,NTU_P003,C001
videos/NoFALL/fall_and_normal_Normal_Normal_s002_S002C001P003R002A021_rgb.mp4,NoFALL,fall_and_normal,NTU_P003,C001
videos/NoFALL/fall_and_normal_Normal_Normal_s002_S002C001P003R002A022_rgb.mp4,NoFALL,fall_and_normal,NTU_P003,C001
videos/NoFALL/fall_and_normal_Normal_Normal_s002_S002C001P003R002A023_rgb.mp4,NoFALL,fall_and_normal,NTU_P003,C001
videos/NoFALL/fall_and_normal_Normal_Normal_s002_S002C001P003R002A024_rgb.mp4,NoFALL,fall_and_normal,NTU_P003,C001
videos/NoFALL/fall_and_normal_Normal_Normal_s002_S002C001P003R002A025_rgb.mp4,NoFALL,fall_and_normal,NTU_P003,C001
videos/NoFALL/fall_and_normal_Normal_Normal_s002_S002C001P003R002A026_rgb.mp4,NoFALL,fall_and_normal,NTU_P003,C001
videos/NoFALL/fall_and_normal_Normal_Normal_s002_S002C001P003R002A027_rgb.mp4,NoFALL,fall_and_normal,NTU_P003,C001
videos/NoFALL/fall_and_normal_Normal_Normal_s002_S002C001P003R002A028_rgb.mp4,NoFALL,fall_and_normal,NTU_P003,C001
videos/NoFALL/fall_and_normal_Normal_Normal_s002_S002C001P003R002A029_rgb.mp4,NoFALL,fall_and_normal,NTU_P003,C001
videos/NoFALL/fall_and_normal_Normal_Normal_s002_S002C001P003R002A030_rgb.mp4,NoFALL,fall_and_normal,NTU_P003,C001
videos/NoFALL/fall_and_normal_Normal_Normal_s002_S002C001P003R002A031_rgb.mp4,NoFALL,fall_and_normal,NTU_P003,C001
videos/NoFALL/fall_and_normal_Normal_Normal_s002_S002C001P003R002A032_rgb.mp4,NoFALL,fall_and_normal,NTU_P003,C001
videos/NoFALL/fall_and_normal_Normal_Normal_s002_S002C001P003R002A033_rgb.mp4,NoFALL,fall_and_normal,NTU_P003,C001
videos/NoFALL/fall_and_normal_Normal_Normal_s002_S002C001P003R002A034_rgb.mp4,NoFALL,fall_and_normal,NTU_P003,C001
videos/NoFALL/fall_and_normal_Normal_Normal_s002_S002C001P003R002A035_rgb.mp4,NoFALL,fall_and_normal,NTU_P003,C001
videos/NoFALL/fall_and_normal_Normal_Normal_s002_S002C001P003R002A036_rgb.mp4,NoFALL,fall_and_normal,NTU_P003,C001
videos/NoFALL/fall_and_normal_Normal_Normal_s002_S002C001P003R002A037_rgb.mp4,NoFALL,fall_and_normal,NTU_P003,C001
videos/NoFALL/fall_and_normal_Normal_Normal_s002_S002C001P003R002A038_rgb.mp4,NoFALL,fall_and_normal,NTU_P003,C001
videos/NoFALL/fall_and_normal_Normal_Normal_s002_S002C001P003R002A039_rgb.mp4,NoFALL,fall_and_normal,NTU_P003,C001
videos/NoFALL/fall_and_normal_Normal_Normal_s002_S002C001P003R002A040_rgb.mp4,NoFALL,fall_and_normal,NTU_P003,C001
videos/NoFALL/fall_and_normal_Normal_Normal_s002_S002C001P003R002A041_rgb.mp4,NoFALL,fall_and_normal,NTU_P003,C001
videos/NoFALL/fall_and_normal_Normal_Normal_s002_S002C001P003R002A042_rgb.mp4,NoFALL,fall_and_normal,NTU_P003,C001
videos/NoFALL/fall_and_normal_Normal_Normal_s002_S002C001P003R002A044_rgb.mp4,NoFALL,fall_and_normal,NTU_P003,C001
videos/NoFALL/fall_and_normal_Normal_Normal_s002_S002C001P003R002A045_rgb.mp4,NoFALL,fall_and_normal,NTU_P003,C001
videos/NoFALL/fall_and_normal_Normal_Normal_s002_S002C001P003R002A046_rgb.mp4,NoFALL,fall_and_normal,NTU_P003,C001
videos/NoFALL/fall_and_normal_Normal_Normal_s002_S002C001P003R002A047_rgb.mp4,NoFALL,fall_and_normal,NTU_P003,C001
videos/NoFALL/fall_and_normal_Normal_Normal_s002_S002C001P003R002A048_rgb.mp4,NoFALL,fall_and_normal,NTU_P003,C001
videos/NoFALL/fall_and_normal_Normal_Normal_s002_S002C001P003R002A049_rgb.mp4,NoFALL,fall_and_normal,NTU_P003,C001
videos/NoFALL/fall_and_normal_Normal_Normal_s002_S002C001P003R002A050_rgb.mp4,NoFALL,fall_and_normal,NTU_P003,C001
videos/NoFALL/fall_and_normal_Normal_Normal_s002_S002C001P003R002A051_rgb.mp4,NoFALL,fall_and_normal,NTU_P003,C001
videos/NoFALL/fall_and_normal_Normal_Normal_s002_S002C001P003R002A052_rgb.mp4,NoFALL,fall_and_normal,NTU_P003,C001
videos/NoFALL/fall_and_normal_Normal_Normal_s002_S002C001P003R002A053_rgb.mp4,NoFALL,fall_and_normal,NTU_P003,C001
videos/NoFALL/fall_and_normal_Normal_Normal_s002_S002C001P003R002A054_rgb.mp4,NoFALL,fall_and_normal,NTU_P003,C001
videos/NoFALL/fall_and_normal_Normal_Normal_s002_S002C001P003R002A055_rgb.mp4,NoFALL,fall_and_normal,NTU_P003,C001
videos/NoFALL/fall_and_normal_Normal_Normal_s002_S002C001P003R002A056_rgb.mp4,NoFALL,fall_and_normal,NTU_P003,C001
videos/NoFALL/fall_and_normal_Normal_Normal_s002_S002C001P003R002A057_rgb.mp4,NoFALL,fall_and_normal,NTU_P003,C001
videos/NoFALL/fall_and_normal_Normal_Normal_s002_S002C001P003R002A058_rgb.mp4,NoFALL,fall_and_normal,NTU_P003,C001
videos/NoFALL/fall_and_normal_Normal_Normal_s002_S002C001P003R002A059_rgb.mp4,NoFALL,fall_and_normal,NTU_P003,C001
videos/NoFALL/fall_and_normal_Normal_Normal_s002_S002C001P003R002A060_rgb.mp4,NoFALL,fall_and_normal,NTU_P003,C001
videos/NoFALL/fall_and_normal_Normal_Normal_s003_S003C001P001R001A001_rgb.mp4,NoFALL,fall_and_normal,NTU_P001,C001
videos/NoFALL/fall_and_normal_Normal_Normal_s003_S003C001P001R001A002_rgb.mp4,NoFALL,fall_and_normal,NTU_P001,C001
videos/NoFALL/fall_and_normal_Normal_Normal_s003_S003C001P001R001A003_rgb.mp4,NoFALL,fall_and_normal,NTU_P001,C001
videos/NoFALL/fall_and_normal_Normal_Normal_s003_S003C001P001R001A004_rgb.mp4,NoFALL,fall_and_normal,NTU_P001,C001
videos/NoFALL/fall_and_normal_Normal_Normal_s003_S003C001P001R001A005_rgb.mp4,NoFALL,fall_and_normal,NTU_P001,C001
videos/NoFALL/fall_and_normal_Normal_Normal_s003_S003C001P001R001A006_rgb.mp4,NoFALL,fall_and_normal,NTU_P001,C001
videos/NoFALL/fall_and_normal_Normal_Normal_s003_S003C001P001R001A007_rgb.mp4,NoFALL,fall_and_normal,NTU_P001,C001
videos/NoFALL/fall_and_normal_Normal_Normal_s003_S003C001P001R001A008_rgb.mp4,NoFALL,fall_and_normal,NTU_P001,C001
videos/NoFALL/fall_and_normal_Normal_Normal_s003_S003C001P001R001A009_rgb.mp4,NoFALL,fall_and_normal,NTU_P001,C001
videos/NoFALL/fall_and_normal_Normal_Normal_s003_S003C001P001R001A010_rgb.mp4,NoFALL,fall_and_normal,NTU_P001,C001
videos/NoFALL/fall_and_normal_Normal_Normal_s003_S003C001P001R001A011_rgb.mp4,NoFALL,fall_and_normal,NTU_P001,C001
videos/NoFALL/fall_and_normal_Normal_Normal_s003_S003C001P001R001A012_rgb.mp4,NoFALL,fall_and_normal,NTU_P001,C001
videos/NoFALL/fall_and_normal_Normal_Normal_s003_S003C001P001R001A013_rgb.mp4,NoFALL,fall_and_normal,NTU_P001,C001
videos/NoFALL/fall_and_normal_Normal_Normal_s003_S003C001P001R001A014_rgb.mp4,NoFALL,fall_and_normal,NTU_P001,C001
videos/NoFALL/fall_and_normal_Normal_Normal_s003_S003C001P001R001A015_rgb.mp4,NoFALL,fall_and_normal,NTU_P001,C001
videos/NoFALL/fall_and_normal_Normal_Normal_s003_S003C001P001R001A016_rgb.mp4,NoFALL,fall_and_normal,NTU_P001,C001
videos/NoFALL/fall_and_normal_Normal_Normal_s003_S003C001P001R001A017_rgb.mp4,NoFALL,fall_and_normal,NTU_P001,C001
videos/NoFALL/fall_and_normal_Normal_Normal_s003_S003C001P001R001A018_rgb.mp4,NoFALL,fall_and_normal,NTU_P001,C001
videos/NoFALL/fall_and_normal_Normal_Normal_s003_S003C001P001R001A019_rgb.mp4,NoFALL,fall_and_normal,NTU_P001,C001
videos/NoFALL/fall_and_normal_Normal_Normal_s003_S003C001P001R001A020_rgb.mp4,NoFALL,fall_and_normal,NTU_P001,C001
videos/NoFALL/fall_and_normal_Normal_Normal_s003_S003C001P001R001A021_rgb.mp4,NoFALL,fall_and_normal,NTU_P001,C001
videos/NoFALL/fall_and_normal_Normal_Normal_s003_S003C001P001R001A022_rgb.mp4,NoFALL,fall_and_normal,NTU_P001,C001
videos/NoFALL/fall_and_normal_Normal_Normal_s003_S003C001P001R001A023_rgb.mp4,NoFALL,fall_and_normal,NTU_P001,C001
videos/NoFALL/fall_and_normal_Normal_Normal_s003_S003C001P001R001A024_rgb.mp4,NoFALL,fall_and_normal,NTU_P001,C001
videos/NoFALL/fall_and_normal_Normal_Normal_s003_S003C001P001R001A025_rgb.mp4,NoFALL,fall_and_normal,NTU_P001,C001
videos/NoFALL/fall_and_normal_Normal_Normal_s003_S003C001P001R001A026_rgb.mp4,NoFALL,fall_and_normal,NTU_P001,C001
videos/NoFALL/fall_and_normal_Normal_Normal_s003_S003C001P001R001A027_rgb.mp4,NoFALL,fall_and_normal,NTU_P001,C001
videos/NoFALL/fall_and_normal_Normal_Normal_s003_S003C001P001R001A028_rgb.mp4,NoFALL,fall_and_normal,NTU_P001,C001
videos/NoFALL/fall_and_normal_Normal_Normal_s003_S003C001P001R001A029_rgb.mp4,NoFALL,fall_and_normal,NTU_P001,C001
videos/NoFALL/fall_and_normal_Normal_Normal_s003_S003C001P001R001A030_rgb.mp4,NoFALL,fall_and_normal,NTU_P001,C001
videos/NoFALL/fall_and_normal_Normal_Normal_s003_S003C001P001R001A031_rgb.mp4,NoFALL,fall_and_normal,NTU_P001,C001
videos/NoFALL/fall_and_normal_Normal_Normal_s003_S003C001P001R001A032_rgb.mp4,NoFALL,fall_and_normal,NTU_P001,C001
videos/NoFALL/fall_and_normal_Normal_Normal_s003_S003C001P001R001A033_rgb.mp4,NoFALL,fall_and_normal,NTU_P001,C001
videos/NoFALL/fall_and_normal_Normal_Normal_s003_S003C001P001R001A034_rgb.mp4,NoFALL,fall_and_normal,NTU_P001,C001
videos/NoFALL/fall_and_normal_Normal_Normal_s003_S003C001P001R001A035_rgb.mp4,NoFALL,fall_and_normal,NTU_P001,C001
videos/NoFALL/fall_and_normal_Normal_Normal_s003_S003C001P001R001A036_rgb.mp4,NoFALL,fall_and_normal,NTU_P001,C001
videos/NoFALL/fall_and_normal_Normal_Normal_s003_S003C001P001R001A037_rgb.mp4,NoFALL,fall_and_normal,NTU_P001,C001
videos/NoFALL/fall_and_normal_Normal_Normal_s003_S003C001P001R001A038_rgb.mp4,NoFALL,fall_and_normal,NTU_P001,C001
videos/NoFALL/fall_and_normal_Normal_Normal_s003_S003C001P001R001A039_rgb.mp4,NoFALL,fall_and_normal,NTU_P001,C001
videos/NoFALL/fall_and_normal_Normal_Normal_s003_S003C001P001R001A040_rgb.mp4,NoFALL,fall_and_normal,NTU_P001,C001
videos/NoFALL/fall_and_normal_Normal_Normal_s003_S003C001P001R001A041_rgb.mp4,NoFALL,fall_and_normal,NTU_P001,C001
videos/NoFALL/fall_and_normal_Normal_Normal_s003_S003C001P001R001A042_rgb.mp4,NoFALL,fall_and_normal,NTU_P001,C001
videos/NoFALL/fall_and_normal_Normal_Normal_s003_S003C001P001R001A044_rgb.mp4,NoFALL,fall_and_normal,NTU_P001,C001
videos/NoFALL/fall_and_normal_Normal_Normal_s003_S003C001P001R001A045_rgb.mp4,NoFALL,fall_and_normal,NTU_P001,C001
videos/NoFALL/fall_and_normal_Normal_Normal_s003_S003C001P001R001A046_rgb.mp4,NoFALL,fall_and_normal,NTU_P001,C001
videos/NoFALL/fall_and_normal_Normal_Normal_s003_S003C001P001R001A047_rgb.mp4,NoFALL,fall_and_normal,NTU_P001,C001
videos/NoFALL/fall_and_normal_Normal_Normal_s003_S003C001P001R001A048_rgb.mp4,NoFALL,fall_and_normal,NTU_P001,C001
videos/NoFALL/fall_and_normal_Normal_Normal_s003_S003C001P001R001A049_rgb.mp4,NoFALL,fall_and_normal,NTU_P001,C001
videos/NoFALL/fall_and_normal_Normal_Normal_s003_S003C001P001R001A050_rgb.mp4,NoFALL,fall_and_normal,NTU_P001,C001
videos/NoFALL/fall_and_normal_Normal_Normal_s003_S003C001P001R001A051_rgb.mp4,NoFALL,fall_and_normal,NTU_P001,C001
videos/NoFALL/fall_and_normal_Normal_Normal_s003_S003C001P001R001A052_rgb.mp4,NoFALL,fall_and_normal,NTU_P001,C001
videos/NoFALL/fall_and_normal_Normal_Normal_s003_S003C001P001R001A053_rgb.mp4,NoFALL,fall_and_normal,NTU_P001,C001
videos/NoFALL/fall_and_normal_Normal_Normal_s003_S003C001P001R001A054_rgb.mp4,NoFALL,fall_and_normal,NTU_P001,C001
videos/NoFALL/fall_and_normal_Normal_Normal_s003_S003C001P001R001A055_rgb.mp4,NoFALL,fall_and_normal,NTU_P001,C001
videos/NoFALL/fall_and_normal_Normal_Normal_s003_S003C001P001R001A056_rgb.mp4,NoFALL,fall_and_normal,NTU_P001,C001
videos/NoFALL/fall_and_normal_Normal_Normal_s003_S003C001P001R001A057_rgb.mp4,NoFALL,fall_and_normal,NTU_P001,C001
videos/NoFALL/fall_and_normal_Normal_Normal_s003_S003C001P001R001A058_rgb.mp4,NoFALL,fall_and_normal,NTU_P001,C001
videos/NoFALL/fall_and_normal_Normal_Normal_s003_S003C001P001R001A059_rgb.mp4,NoFALL,fall_and_normal,NTU_P001,C001
videos/NoFALL/fall_and_normal_Normal_Normal_s003_S003C001P001R001A060_rgb.mp4,NoFALL,fall_and_normal,NTU_P001,C001
videos/NoFALL/fall_and_normal_Normal_Normal_s003_S003C001P001R002A001_rgb.mp4,NoFALL,fall_and_normal,NTU_P001,C001
videos/NoFALL/fall_and_normal_Normal_Normal_s003_S003C001P001R002A002_rgb.mp4,NoFALL,fall_and_normal,NTU_P001,C001
videos/NoFALL/fall_and_normal_Normal_Normal_s003_S003C001P001R002A003_rgb.mp4,NoFALL,fall_and_normal,NTU_P001,C001
videos/NoFALL/fall_and_normal_Normal_Normal_s003_S003C001P001R002A004_rgb.mp4,NoFALL,fall_and_normal,NTU_P001,C001
videos/NoFALL/fall_and_normal_Normal_Normal_s003_S003C001P001R002A005_rgb.mp4,NoFALL,fall_and_normal,NTU_P001,C001
videos/NoFALL/fall_and_normal_Normal_Normal_s003_S003C001P001R002A006_rgb.mp4,NoFALL,fall_and_normal,NTU_P001,C001
videos/NoFALL/fall_and_normal_Normal_Normal_s003_S003C001P001R002A007_rgb.mp4,NoFALL,fall_and_normal,NTU_P001,C001
videos/NoFALL/fall_and_normal_Normal_Normal_s003_S003C001P001R002A008_rgb.mp4,NoFALL,fall_and_normal,NTU_P001,C001
videos/NoFALL/fall_and_normal_Normal_Normal_s003_S003C001P001R002A009_rgb.mp4,NoFALL,fall_and_normal,NTU_P001,C001
videos/NoFALL/fall_and_normal_Normal_Normal_s003_S003C001P001R002A010_rgb.mp4,NoFALL,fall_and_normal,NTU_P001,C001
videos/NoFALL/fall_and_normal_Normal_Normal_s003_S003C001P001R002A011_rgb.mp4,NoFALL,fall_and_normal,NTU_P001,C001
videos/NoFALL/fall_and_normal_Normal_Normal_s003_S003C001P001R002A012_rgb.mp4,NoFALL,fall_and_normal,NTU_P001,C001
videos/NoFALL/fall_and_normal_Normal_Normal_s003_S003C001P001R002A013_rgb.mp4,NoFALL,fall_and_normal,NTU_P001,C001
videos/NoFALL/fall_and_normal_Normal_Normal_s003_S003C001P001R002A014_rgb.mp4,NoFALL,fall_and_normal,NTU_P001,C001
videos/NoFALL/fall_and_normal_Normal_Normal_s003_S003C001P001R002A015_rgb.mp4,NoFALL,fall_and_normal,NTU_P001,C001
videos/NoFALL/fall_and_normal_Normal_Normal_s003_S003C001P001R002A016_rgb.mp4,NoFALL,fall_and_normal,NTU_P001,C001
videos/NoFALL/fall_and_normal_Normal_Normal_s003_S003C001P001R002A017_rgb.mp4,NoFALL,fall_and_normal,NTU_P001,C001
videos/NoFALL/fall_and_normal_Normal_Normal_s003_S003C001P001R002A018_rgb.mp4,NoFALL,fall_and_normal,NTU_P001,C001
videos/NoFALL/fall_and_normal_Normal_Normal_s003_S003C001P001R002A019_rgb.mp4,NoFALL,fall_and_normal,NTU_P001,C001
videos/NoFALL/fall_and_normal_Normal_Normal_s003_S003C001P001R002A020_rgb.mp4,NoFALL,fall_and_normal,NTU_P001,C001
videos/NoFALL/fall_and_normal_Normal_Normal_s003_S003C001P001R002A021_rgb.mp4,NoFALL,fall_and_normal,NTU_P001,C001
videos/NoFALL/fall_and_normal_Normal_Normal_s003_S003C001P001R002A022_rgb.mp4,NoFALL,fall_and_normal,NTU_P001,C001
videos/NoFALL/fall_and_normal_Normal_Normal_s003_S003C001P001R002A023_rgb.mp4,NoFALL,fall_and_normal,NTU_P001,C001
videos/NoFALL/fall_and_normal_Normal_Normal_s003_S003C001P001R002A024_rgb.mp4,NoFALL,fall_and_normal,NTU_P001,C001
videos/NoFALL/fall_and_normal_Normal_Normal_s003_S003C001P001R002A025_rgb.mp4,NoFALL,fall_and_normal,NTU_P001,C001
videos/NoFALL/fall_and_normal_Normal_Normal_s003_S003C001P001R002A026_rgb.mp4,NoFALL,fall_and_normal,NTU_P001,C001
videos/NoFALL/fall_and_normal_Normal_Normal_s003_S003C001P001R002A027_rgb.mp4,NoFALL,fall_and_normal,NTU_P001,C001
videos/NoFALL/fall_and_normal_Normal_Normal_s003_S003C001P001R002A028_rgb.mp4,NoFALL,fall_and_normal,NTU_P001,C001
videos/NoFALL/fall_and_normal_Normal_Normal_s003_S003C001P001R002A029_rgb.mp4,NoFALL,fall_and_normal,NTU_P001,C001
videos/NoFALL/fall_and_normal_Normal_Normal_s003_S003C001P001R002A030_rgb.mp4,NoFALL,fall_and_normal,NTU_P001,C001
videos/NoFALL/fall_and_normal_Normal_Normal_s003_S003C001P001R002A031_rgb.mp4,NoFALL,fall_and_normal,NTU_P001,C001
videos/NoFALL/fall_and_normal_Normal_Normal_s003_S003C001P001R002A032_rgb.mp4,NoFALL,fall_and_normal,NTU_P001,C001
videos/NoFALL/fall_and_normal_Normal_Normal_s003_S003C001P001R002A033_rgb.mp4,NoFALL,fall_and_normal,NTU_P001,C001
videos/NoFALL/fall_and_normal_Normal_Normal_s003_S003C001P001R002A034_rgb.mp4,NoFALL,fall_and_normal,NTU_P001,C001
videos/NoFALL/fall_and_normal_Normal_Normal_s003_S003C001P001R002A035_rgb.mp4,NoFALL,fall_and_normal,NTU_P001,C001
videos/NoFALL/fall_and_normal_Normal_Normal_s003_S003C001P001R002A036_rgb.mp4,NoFALL,fall_and_normal,NTU_P001,C001
videos/NoFALL/fall_and_normal_Normal_Normal_s003_S003C001P001R002A037_rgb.mp4,NoFALL,fall_and_normal,NTU_P001,C001
videos/NoFALL/fall_and_normal_Normal_Normal_s003_S003C001P001R002A038_rgb.mp4,NoFALL,fall_and_normal,NTU_P001,C001
videos/NoFALL/fall_and_normal_Normal_Normal_s003_S003C001P001R002A039_rgb.mp4,NoFALL,fall_and_normal,NTU_P001,C001
videos/NoFALL/fall_and_normal_Normal_Normal_s003_S003C001P001R002A040_rgb.mp4,NoFALL,fall_and_normal,NTU_P001,C001
videos/NoFALL/fall_and_normal_Normal_Normal_s003_S003C001P001R002A041_rgb.mp4,NoFALL,fall_and_normal,NTU_P001,C001
videos/NoFALL/fall_and_normal_Normal_Normal_s003_S003C001P001R002A042_rgb.mp4,NoFALL,fall_and_normal,NTU_P001,C001
videos/NoFALL/fall_and_normal_Normal_Normal_s003_S003C001P001R002A044_rgb.mp4,NoFALL,fall_and_normal,NTU_P001,C001
videos/NoFALL/fall_and_normal_Normal_Normal_s003_S003C001P001R002A045_rgb.mp4,NoFALL,fall_and_normal,NTU_P001,C001
videos/NoFALL/fall_and_normal_Normal_Normal_s003_S003C001P001R002A046_rgb.mp4,NoFALL,fall_and_normal,NTU_P001,C001
videos/NoFALL/fall_and_normal_Normal_Normal_s003_S003C001P001R002A047_rgb.mp4,NoFALL,fall_and_normal,NTU_P001,C001
videos/NoFALL/fall_and_normal_Normal_Normal_s003_S003C001P001R002A048_rgb.mp4,NoFALL,fall_and_normal,NTU_P001,C001
videos/NoFALL/fall_and_normal_Normal_Normal_s003_S003C001P001R002A049_rgb.mp4,NoFALL,fall_and_normal,NTU_P001,C001
videos/NoFALL/fall_and_normal_Normal_Normal_s003_S003C001P001R002A050_rgb.mp4,NoFALL,fall_and_normal,NTU_P001,C001
videos/NoFALL/fall_and_normal_Normal_Normal_s003_S003C001P001R002A051_rgb.mp4,NoFALL,fall_and_normal,NTU_P001,C001
videos/NoFALL/fall_and_normal_Normal_Normal_s003_S003C001P001R002A052_rgb.mp4,NoFALL,fall_and_normal,NTU_P001,C001
videos/NoFALL/fall_and_normal_Normal_Normal_s003_S003C001P001R002A053_rgb.mp4,NoFALL,fall_and_normal,NTU_P001,C001
videos/NoFALL/fall_and_normal_Normal_Normal_s003_S003C001P001R002A054_rgb.mp4,NoFALL,fall_and_normal,NTU_P001,C001
videos/NoFALL/fall_and_normal_Normal_Normal_s003_S003C001P001R002A055_rgb.mp4,NoFALL,fall_and_normal,NTU_P001,C001
videos/NoFALL/fall_and_normal_Normal_Normal_s003_S003C001P001R002A056_rgb.mp4,NoFALL,fall_and_normal,NTU_P001,C001
videos/NoFALL/fall_and_normal_Normal_Normal_s003_S003C001P001R002A057_rgb.mp4,NoFALL,fall_and_normal,NTU_P001,C001
videos/NoFALL/fall_and_normal_Normal_Normal_s003_S003C001P001R002A058_rgb.mp4,NoFALL,fall_and_normal,NTU_P001,C001
videos/NoFALL/fall_and_normal_Normal_Normal_s003_S003C001P001R002A059_rgb.mp4,NoFALL,fall_and_normal,NTU_P001,C001
videos/NoFALL/fall_and_normal_Normal_Normal_s003_S003C001P001R002A060_rgb.mp4,NoFALL,fall_and_normal,NTU_P001,C001
videos/FALL/fall_and_normal_Fall_only_Fall_only_s001_S001C001P001R001A043_rgb.mp4,FALL,fall_and_normal,NTU_P001,C001
videos/FALL/fall_and_normal_Fall_only_Fall_only_s001_S001C001P001R002A043_rgb.mp4,FALL,fall_and_normal,NTU_P001,C001
videos/FALL/fall_and_normal_Fall_only_Fall_only_s001_S001C001P002R001A043_rgb.mp4,FALL,fall_and_normal,NTU_P002,C001
videos/FALL/fall_and_normal_Fall_only_Fall_only_s001_S001C001P002R002A043_rgb.mp4,FALL,fall_and_normal,NTU_P002,C001
videos/FALL/fall_and_normal_Fall_only_Fall_only_s001_S001C001P003R001A043_rgb.mp4,FALL,fall_and_normal,NTU_P003,C001
videos/FALL/fall_and_normal_Fall_only_Fall_only_s001_S001C001P003R002A043_rgb.mp4,FALL,fall_and_normal,NTU_P003,C001
videos/FALL/fall_and_normal_Fall_only_Fall_only_s001_S001C001P004R001A043_rgb.mp4,FALL,fall_and_normal,NTU_P004,C001
videos/FALL/fall_and_normal_Fall_only_Fall_only_s001_S001C001P004R002A043_rgb.mp4,FALL,fall_and_normal,NTU_P004,C001
videos/FALL/fall_and_normal_Fall_only_Fall_only_s001_S001C001P005R001A043_rgb.mp4,FALL,fall_and_normal,NTU_P005,C001
videos/FALL/fall_and_normal_Fall_only_Fall_only_s001_S001C001P006R001A043_rgb.mp4,FALL,fall_and_normal,NTU_P006,C001
videos/FALL/fall_and_normal_Fall_only_Fall_only_s001_S001C001P006R002A043_rgb.mp4,FALL,fall_and_normal,NTU_P006,C001
videos/FALL/fall_and_normal_Fall_only_Fall_only_s001_S001C001P007R001A043_rgb.mp4,FALL,fall_and_normal,NTU_P007,C001
videos/FALL/fall_and_normal_Fall_only_Fall_only_s001_S001C001P007R002A043_rgb.mp4,FALL,fall_and_normal,NTU_P007,C001
videos/FALL/fall_and_normal_Fall_only_Fall_only_s001_S001C001P008R001A043_rgb.mp4,FALL,fall_and_normal,NTU_P008,C001
videos/FALL/fall_and_normal_Fall_only_Fall_only_s001_S001C001P008R002A043_rgb.mp4,FALL,fall_and_normal,NTU_P008,C001
videos/FALL/fall_and_normal_Fall_only_Fall_only_s001_S001C002P001R001A043_rgb.mp4,FALL,fall_and_normal,NTU_P001,C002
videos/FALL/fall_and_normal_Fall_only_Fall_only_s001_S001C002P001R002A043_rgb.mp4,FALL,fall_and_normal,NTU_P001,C002
videos/FALL/fall_and_normal_Fall_only_Fall_only_s001_S001C002P002R001A043_rgb.mp4,FALL,fall_and_normal,NTU_P002,C002
videos/FALL/fall_and_normal_Fall_only_Fall_only_s001_S001C002P002R002A043_rgb.mp4,FALL,fall_and_normal,NTU_P002,C002
videos/FALL/fall_and_normal_Fall_only_Fall_only_s001_S001C002P003R002A043_rgb.mp4,FALL,fall_and_normal,NTU_P003,C002
videos/FALL/fall_and_normal_Fall_only_Fall_only_s001_S001C002P004R001A043_rgb.mp4,FALL,fall_and_normal,NTU_P004,C002
videos/FALL/fall_and_normal_Fall_only_Fall_only_s001_S001C002P004R002A043_rgb.mp4,FALL,fall_and_normal,NTU_P004,C002
videos/FALL/fall_and_normal_Fall_only_Fall_only_s001_S001C002P005R002A043_rgb.mp4,FALL,fall_and_normal,NTU_P005,C002
videos/FALL/fall_and_normal_Fall_only_Fall_only_s001_S001C002P006R001A043_rgb.mp4,FALL,fall_and_normal,NTU_P006,C002
videos/FALL/fall_and_normal_Fall_only_Fall_only_s001_S001C002P006R002A043_rgb.mp4,FALL,fall_and_normal,NTU_P006,C002
videos/FALL/fall_and_normal_Fall_only_Fall_only_s001_S001C002P007R001A043_rgb.mp4,FALL,fall_and_normal,NTU_P007,C002
videos/FALL/fall_and_normal_Fall_only_Fall_only_s001_S001C002P007R002A043_rgb.mp4,FALL,fall_and_normal,NTU_P007,C002
videos/FALL/fall_and_normal_Fall_only_Fall_only_s001_S001C002P008R001A043_rgb.mp4,FALL,fall_and_normal,NTU_P008,C002
videos/FALL/fall_and_normal_Fall_only_Fall_only_s001_S001C002P008R002A043_rgb.mp4,FALL,fall_and_normal,NTU_P008,C002
videos/FALL/fall_and_normal_Fall_only_Fall_only_s002_S002C001P003R001A043_rgb.mp4,FALL,fall_and_normal,NTU_P003,C001
videos/FALL/fall_and_normal_Fall_only_Fall_only_s002_S002C001P003R002A043_rgb.mp4,FALL,fall_and_normal,NTU_P003,C001
videos/FALL/fall_and_normal_Fall_only_Fall_only_s002_S002C001P007R001A043_rgb.mp4,FALL,fall_and_normal,NTU_P007,C001
videos/FALL/fall_and_normal_Fall_only_Fall_only_s002_S002C001P007R002A043_rgb.mp4,FALL,fall_and_normal,NTU_P007,C001
videos/FALL/fall_and_normal_Fall_only_Fall_only_s002_S002C001P008R001A043_rgb.mp4,FALL,fall_and_normal,NTU_P008,C001
videos/FALL/fall_and_normal_Fall_only_Fall_only_s002_S002C001P008R002A043_rgb.mp4,FALL,fall_and_normal,NTU_P008,C001
videos/FALL/fall_and_normal_Fall_only_Fall_only_s002_S002C001P009R001A043_rgb.mp4,FALL,fall_and_normal,NTU_P009,C001
videos/FALL/fall_and_normal_Fall_only_Fall_only_s002_S002C001P009R002A043_rgb.mp4,FALL,fall_and_normal,NTU_P009,C001
videos/FALL/fall_and_normal_Fall_only_Fall_only_s002_S002C001P010R001A043_rgb.mp4,FALL,fall_and_normal,NTU_P010,C001
videos/FALL/fall_and_normal_Fall_only_Fall_only_s002_S002C001P010R002A043_rgb.mp4,FALL,fall_and_normal,NTU_P010,C001
videos/FALL/fall_and_normal_Fall_only_Fall_only_s002_S002C001P011R001A043_rgb.mp4,FALL,fall_and_normal,NTU_P011,C001
videos/FALL/fall_and_normal_Fall_only_Fall_only_s002_S002C001P011R002A043_rgb.mp4,FALL,fall_and_normal,NTU_P011,C001
videos/FALL/fall_and_normal_Fall_only_Fall_only_s002_S002C001P012R001A043_rgb.mp4,FALL,fall_and_normal,NTU_P012,C001
videos/FALL/fall_and_normal_Fall_only_Fall_only_s002_S002C001P012R002A043_rgb.mp4,FALL,fall_and_normal,NTU_P012,C001
videos/FALL/fall_and_normal_Fall_only_Fall_only_s002_S002C001P013R001A043_rgb.mp4,FALL,fall_and_normal,NTU_P013,C001
videos/FALL/fall_and_normal_Fall_only_Fall_only_s002_S002C001P013R002A043_rgb.mp4,FALL,fall_and_normal,NTU_P013,C001
videos/FALL/fall_and_normal_Fall_only_Fall_only_s002_S002C001P014R001A043_rgb.mp4,FALL,fall_and_normal,NTU_P014,C001
videos/FALL/fall_and_normal_Fall_only_Fall_only_s002_S002C001P014R002A043_rgb.mp4,FALL,fall_and_normal,NTU_P014,C001
videos/FALL/fall_and_normal_Fall_only_Fall_only_s002_S002C002P003R001A043_rgb.mp4,FALL,fall_and_normal,NTU_P003,C002
videos/FALL/fall_and_normal_Fall_only_Fall_only_s002_S002C002P003R002A043_rgb.mp4,FALL,fall_and_normal,NTU_P003,C002
videos/FALL/fall_and_normal_Fall_only_Fall_only_s002_S002C002P007R001A043_rgb.mp4,FALL,fall_and_normal,NTU_P007,C002
videos/FALL/fall_and_normal_Fall_only_Fall_only_s002_S002C002P007R002A043_rgb.mp4,FALL,fall_and_normal,NTU_P007,C002
videos/FALL/fall_and_normal_Fall_only_Fall_only_s002_S002C002P008R001A043_rgb.mp4,FALL,fall_and_normal,NTU_P008,C002
videos/FALL/fall_and_normal_Fall_only_Fall_only_s002_S002C002P008R002A043_rgb.mp4,FALL,fall_and_normal,NTU_P008,C002
videos/FALL/fall_and_normal_Fall_only_Fall_only_s002_S002C002P009R001A043_rgb.mp4,FALL,fall_and_normal,NTU_P009,C002
videos/FALL/fall_and_normal_Fall_only_Fall_only_s002_S002C002P009R002A043_rgb.mp4,FALL,fall_and_normal,NTU_P009,C002
videos/FALL/fall_and_normal_Fall_only_Fall_only_s002_S002C002P010R001A043_rgb.mp4,FALL,fall_and_normal,NTU_P010,C002
videos/FALL/fall_and_normal_Fall_only_Fall_only_s002_S002C002P010R002A043_rgb.mp4,FALL,fall_and_normal,NTU_P010,C002
videos/FALL/fall_and_normal_Fall_only_Fall_only_s002_S002C002P011R001A043_rgb.mp4,FALL,fall_and_normal,NTU_P011,C002
videos/FALL/fall_and_normal_Fall_only_Fall_only_s002_S002C002P011R002A043_rgb.mp4,FALL,fall_and_normal,NTU_P011,C002
videos/FALL/fall_and_normal_Fall_only_Fall_only_s002_S002C002P012R001A043_rgb.mp4,FALL,fall_and_normal,NTU_P012,C002
videos/FALL/fall_and_normal_Fall_only_Fall_only_s002_S002C002P012R002A043_rgb.mp4,FALL,fall_and_normal,NTU_P012,C002
videos/FALL/fall_and_normal_Fall_only_Fall_only_s002_S002C002P013R001A043_rgb.mp4,FALL,fall_and_normal,NTU_P013,C002
videos/FALL/fall_and_normal_Fall_only_Fall_only_s002_S002C002P013R002A043_rgb.mp4,FALL,fall_and_normal,NTU_P013,C002
videos/FALL/fall_and_normal_Fall_only_Fall_only_s002_S002C002P014R001A043_rgb.mp4,FALL,fall_and_normal,NTU_P014,C002
videos/FALL/fall_and_normal_Fall_only_Fall_only_s002_S002C002P014R002A043_rgb.mp4,FALL,fall_and_normal,NTU_P014,C002
videos/FALL/fall_and_normal_Fall_only_Fall_only_s003_S003C001P007R001A043_rgb.mp4,FALL,fall_and_normal,NTU_P007,C001
videos/FALL/fall_and_normal_Fall_only_Fall_only_s003_S003C001P007R002A043_rgb.mp4,FALL,fall_and_normal,NTU_P007,C001
videos/FALL/fall_and_normal_Fall_only_Fall_only_s003_S003C001P008R001A043_rgb.mp4,FALL,fall_and_normal,NTU_P008,C001
videos/FALL/fall_and_normal_Fall_only_Fall_only_s003_S003C001P008R002A043_rgb.mp4,FALL,fall_and_normal,NTU_P008,C001
videos/FALL/fall_and_normal_Fall_only_Fall_only_s003_S003C001P015R001A043_rgb.mp4,FALL,fall_and_normal,NTU_P015,C001
videos/FALL/fall_and_normal_Fall_only_Fall_only_s003_S003C001P015R002A043_rgb.mp4,FALL,fall_and_normal,NTU_P015,C001
videos/FALL/fall_and_normal_Fall_only_Fall_only_s003_S003C001P016R001A043_rgb.mp4,FALL,fall_and_normal,NTU_P016,C001
videos/FALL/fall_and_normal_Fall_only_Fall_only_s003_S003C001P016R002A043_rgb.mp4,FALL,fall_and_normal,NTU_P016,C001
videos/FALL/fall_and_normal_Fall_only_Fall_only_s003_S003C001P017R001A043_rgb.mp4,FALL,fall_and_normal,NTU_P017,C001
videos/FALL/fall_and_normal_Fall_only_Fall_only_s003_S003C001P017R002A043_rgb.mp4,FALL,fall_and_normal,NTU_P017,C001
videos/FALL/fall_and_normal_Fall_only_Fall_only_s003_S003C001P018R001A043_rgb.mp4,FALL,fall_and_normal,NTU_P018,C001
videos/FALL/fall_and_normal_Fall_only_Fall_only_s003_S003C001P018R002A043_rgb.mp4,FALL,fall_and_normal,NTU_P018,C001
videos/FALL/fall_and_normal_Fall_only_Fall_only_s003_S003C001P019R001A043_rgb.mp4,FALL,fall_and_normal,NTU_P019,C001
videos/FALL/fall_and_normal_Fall_only_Fall_only_s003_S003C001P019R002A043_rgb.mp4,FALL,fall_and_normal,NTU_P019,C001
videos/FALL/fall_and_normal_Fall_only_Fall_only_s003_S003C002P001R001A043_rgb.mp4,FALL,fall_and_normal,NTU_P001,C002
videos/FALL/fall_and_normal_Fall_only_Fall_only_s003_S003C002P001R002A043_rgb.mp4,FALL,fall_and_normal,NTU_P001,C002
videos/FALL/fall_and_normal_Fall_only_Fall_only_s003_S003C002P002R001A043_rgb.mp4,FALL,fall_and_normal,NTU_P002,C002
videos/FALL/fall_and_normal_Fall_only_Fall_only_s003_S003C002P002R002A043_rgb.mp4,FALL,fall_and_normal,NTU_P002,C002
videos/FALL/fall_and_normal_Fall_only_Fall_only_s003_S003C002P007R001A043_rgb.mp4,FALL,fall_and_normal,NTU_P007,C002
videos/FALL/fall_and_normal_Fall_only_Fall_only_s003_S003C002P007R002A043_rgb.mp4,FALL,fall_and_normal,NTU_P007,C002
videos/FALL/fall_and_normal_Fall_only_Fall_only_s003_S003C002P008R001A043_rgb.mp4,FALL,fall_and_normal,NTU_P008,C002
videos/FALL/fall_and_normal_Fall_only_Fall_only_s003_S003C002P008R002A043_rgb.mp4,FALL,fall_and_normal,NTU_P008,C002
videos/FALL/fall_and_normal_Fall_only_Fall_only_s003_S003C002P015R001A043_rgb.mp4,FALL,fall_and_normal,NTU_P015,C002
videos/FALL/fall_and_normal_Fall_only_Fall_only_s003_S003C002P015R002A043_rgb.mp4,FALL,fall_and_normal,NTU_P015,C002
videos/FALL/fall_and_normal_Fall_only_Fall_only_s003_S003C002P016R001A043_rgb.mp4,FALL,fall_and_normal,NTU_P016,C002
videos/FALL/fall_and_normal_Fall_only_Fall_only_s003_S003C002P016R002A043_rgb.mp4,FALL,fall_and_normal,NTU_P016,C002
videos/FALL/fall_and_normal_Fall_only_Fall_only_s003_S003C002P017R001A043_rgb.mp4,FALL,fall_and_normal,NTU_P017,C002
videos/FALL/fall_and_normal_Fall_only_Fall_only_s003_S003C002P017R002A043_rgb.mp4,FALL,fall_and_normal,NTU_P017,C002
videos/FALL/fall_and_normal_Fall_only_Fall_only_s003_S003C002P018R001A043_rgb.mp4,FALL,fall_and_normal,NTU_P018,C002
videos/FALL/fall_and_normal_Fall_only_Fall_only_s003_S003C002P018R002A043_rgb.mp4,FALL,fall_and_normal,NTU_P018,C002
videos/FALL/fall_and_normal_Fall_only_Fall_only_s003_S003C002P019R001A043_rgb.mp4,FALL,fall_and_normal,NTU_P019,C002
videos/FALL/fall_and_normal_Fall_only_Fall_only_s003_S003C002P019R002A043_rgb.mp4,FALL,fall_and_normal,NTU_P019,C002
videos/NoFALL/multiview_a01_v01_s01_e00.mp4,NoFALL,multiview,MV_s01,v01
videos/NoFALL/multiview_a01_v01_s01_e01.mp4,NoFALL,multiview,MV_s01,v01
videos/NoFALL/multiview_a01_v01_s01_e02.mp4,NoFALL,multiview,MV_s01,v01
videos/NoFALL/multiview_a01_v01_s01_e03.mp4,NoFALL,multiview,MV_s01,v01
videos/NoFALL/multiview_a01_v01_s01_e04.mp4,NoFALL,multiview,MV_s01,v01
videos/NoFALL/multiview_a01_v01_s02_e00.mp4,NoFALL,multiview,MV_s02,v01
videos/NoFALL/multiview_a01_v01_s02_e01.mp4,NoFALL,multiview,MV_s02,v01
videos/NoFALL/multiview_a01_v01_s02_e02.mp4,NoFALL,multiview,MV_s02,v01
videos/NoFALL/multiview_a01_v01_s02_e03.mp4,NoFALL,multiview,MV_s02,v01
videos/NoFALL/multiview_a01_v01_s02_e04.mp4,NoFALL,multiview,MV_s02,v01
videos/NoFALL/multiview_a01_v01_s03_e00.mp4,NoFALL,multiview,MV_s03,v01
videos/NoFALL/multiview_a01_v01_s03_e01.mp4,NoFALL,multiview,MV_s03,v01
videos/NoFALL/multiview_a01_v01_s03_e02.mp4,NoFALL,multiview,MV_s03,v01
videos/NoFALL/multiview_a01_v01_s03_e03.mp4,NoFALL,multiview,MV_s03,v01
videos/NoFALL/multiview_a01_v01_s03_e04.mp4,NoFALL,multiview,MV_s03,v01
videos/NoFALL/multiview_a01_v01_s04_e00.mp4,NoFALL,multiview,MV_s04,v01
videos/NoFALL/multiview_a01_v01_s04_e01.mp4,NoFALL,multiview,MV_s04,v01
videos/NoFALL/multiview_a01_v01_s04_e02.mp4,NoFALL,multiview,MV_s04,v01
videos/NoFALL/multiview_a01_v01_s04_e03.mp4,NoFALL,multiview,MV_s04,v01
videos/NoFALL/multiview_a01_v01_s04_e04.mp4,NoFALL,multiview,MV_s04,v01
videos/NoFALL/multiview_a01_v01_s04_e05.mp4,NoFALL,multiview,MV_s04,v01
videos/NoFALL/multiview_a01_v01_s05_e00.mp4,NoFALL,multiview,MV_s05,v01
videos/NoFALL/multiview_a01_v01_s05_e01.mp4,NoFALL,multiview,MV_s05,v01
videos/NoFALL/multiview_a01_v01_s05_e02.mp4,NoFALL,multiview,MV_s05,v01
videos/NoFALL/multiview_a01_v01_s05_e03.mp4,NoFALL,multiview,MV_s05,v01
videos/NoFALL/multiview_a01_v01_s05_e04.mp4,NoFALL,multiview,MV_s05,v01
videos/NoFALL/multiview_a01_v01_s06_e00.mp4,NoFALL,multiview,MV_s06,v01
videos/NoFALL/multiview_a01_v01_s06_e01.mp4,NoFALL,multiview,MV_s06,v01
videos/NoFALL/multiview_a01_v01_s06_e02.mp4,NoFALL,multiview,MV_s06,v01
videos/NoFALL/multiview_a01_v01_s06_e03.mp4,NoFALL,multiview,MV_s06,v01
videos/NoFALL/multiview_a01_v01_s06_e04.mp4,NoFALL,multiview,MV_s06,v01
videos/NoFALL/multiview_a01_v01_s07_e00.mp4,NoFALL,multiview,MV_s07,v01
videos/NoFALL/multiview_a01_v01_s07_e01.mp4,NoFALL,multiview,MV_s07,v01
videos/NoFALL/multiview_a01_v01_s07_e02.mp4,NoFALL,multiview,MV_s07,v01
videos/NoFALL/multiview_a01_v01_s07_e03.mp4,NoFALL,multiview,MV_s07,v01
videos/NoFALL/multiview_a01_v01_s07_e04.mp4,NoFALL,multiview,MV_s07,v01
videos/NoFALL/multiview_a01_v01_s08_e00.mp4,NoFALL,multiview,MV_s08,v01
videos/NoFALL/multiview_a01_v01_s08_e01.mp4,NoFALL,multiview,MV_s08,v01
videos/NoFALL/multiview_a01_v01_s08_e02.mp4,NoFALL,multiview,MV_s08,v01
videos/NoFALL/multiview_a01_v01_s08_e03.mp4,NoFALL,multiview,MV_s08,v01
videos/NoFALL/multiview_a01_v01_s08_e04.mp4,NoFALL,multiview,MV_s08,v01
videos/NoFALL/multiview_a01_v01_s08_e05.mp4,NoFALL,multiview,MV_s08,v01
videos/NoFALL/multiview_a01_v01_s08_e06.mp4,NoFALL,multiview,MV_s08,v01
videos/NoFALL/multiview_a01_v01_s09_e00.mp4,NoFALL,multiview,MV_s09,v01
videos/NoFALL/multiview_a01_v01_s09_e01.mp4,NoFALL,multiview,MV_s09,v01
videos/NoFALL/multiview_a01_v01_s09_e02.mp4,NoFALL,multiview,MV_s09,v01
videos/NoFALL/multiview_a01_v01_s09_e03.mp4,NoFALL,multiview,MV_s09,v01
videos/NoFALL/multiview_a01_v01_s09_e04.mp4,NoFALL,multiview,MV_s09,v01
videos/NoFALL/multiview_a01_v01_s10_e00.mp4,NoFALL,multiview,MV_s10,v01
videos/NoFALL/multiview_a01_v01_s10_e01.mp4,NoFALL,multiview,MV_s10,v01
videos/NoFALL/multiview_a01_v01_s10_e02.mp4,NoFALL,multiview,MV_s10,v01
videos/NoFALL/multiview_a01_v01_s10_e04.mp4,NoFALL,multiview,MV_s10,v01
videos/NoFALL/multiview_a01_v02_s01_e00.mp4,NoFALL,multiview,MV_s01,v02
videos/NoFALL/multiview_a01_v02_s01_e01.mp4,NoFALL,multiview,MV_s01,v02
videos/NoFALL/multiview_a01_v02_s01_e02.mp4,NoFALL,multiview,MV_s01,v02
videos/NoFALL/multiview_a01_v02_s01_e03.mp4,NoFALL,multiview,MV_s01,v02
videos/NoFALL/multiview_a01_v02_s01_e04.mp4,NoFALL,multiview,MV_s01,v02
videos/NoFALL/multiview_a01_v02_s02_e00.mp4,NoFALL,multiview,MV_s02,v02
videos/NoFALL/multiview_a01_v02_s02_e01.mp4,NoFALL,multiview,MV_s02,v02
videos/NoFALL/multiview_a01_v02_s02_e02.mp4,NoFALL,multiview,MV_s02,v02
videos/NoFALL/multiview_a01_v02_s02_e03.mp4,NoFALL,multiview,MV_s02,v02
videos/NoFALL/multiview_a01_v02_s02_e04.mp4,NoFALL,multiview,MV_s02,v02
videos/NoFALL/multiview_a01_v02_s03_e00.mp4,NoFALL,multiview,MV_s03,v02
videos/NoFALL/multiview_a01_v02_s03_e01.mp4,NoFALL,multiview,MV_s03,v02
videos/NoFALL/multiview_a01_v02_s03_e02.mp4,NoFALL,multiview,MV_s03,v02
videos/NoFALL/multiview_a01_v02_s03_e03.mp4,NoFALL,multiview,MV_s03,v02
videos/NoFALL/multiview_a01_v02_s03_e04.mp4,NoFALL,multiview,MV_s03,v02
videos/NoFALL/multiview_a01_v02_s04_e00.mp4,NoFALL,multiview,MV_s04,v02
videos/NoFALL/multiview_a01_v02_s04_e01.mp4,NoFALL,multiview,MV_s04,v02
videos/NoFALL/multiview_a01_v02_s04_e02.mp4,NoFALL,multiview,MV_s04,v02
videos/NoFALL/multiview_a01_v02_s04_e03.mp4,NoFALL,multiview,MV_s04,v02
videos/NoFALL/multiview_a01_v02_s04_e04.mp4,NoFALL,multiview,MV_s04,v02
videos/NoFALL/multiview_a01_v02_s04_e05.mp4,NoFALL,multiview,MV_s04,v02
videos/NoFALL/multiview_a01_v02_s04_e06.mp4,NoFALL,multiview,MV_s04,v02
videos/NoFALL/multiview_a01_v02_s05_e00.mp4,NoFALL,multiview,MV_s05,v02
videos/NoFALL/multiview_a01_v02_s05_e01.mp4,NoFALL,multiview,MV_s05,v02
videos/NoFALL/multiview_a01_v02_s05_e02.mp4,NoFALL,multiview,MV_s05,v02
videos/NoFALL/multiview_a01_v02_s06_e00.mp4,NoFALL,multiview,MV_s06,v02
videos/NoFALL/multiview_a01_v02_s06_e01.mp4,NoFALL,multiview,MV_s06,v02
videos/NoFALL/multiview_a01_v02_s06_e02.mp4,NoFALL,multiview,MV_s06,v02
videos/NoFALL/multiview_a01_v02_s06_e04.mp4,NoFALL,multiview,MV_s06,v02
videos/NoFALL/multiview_a01_v02_s07_e00.mp4,NoFALL,multiview,MV_s07,v02
videos/NoFALL/multiview_a01_v02_s07_e01.mp4,NoFALL,multiview,MV_s07,v02
videos/NoFALL/multiview_a01_v02_s07_e02.mp4,NoFALL,multiview,MV_s07,v02
videos/NoFALL/multiview_a01_v02_s07_e03.mp4,NoFALL,multiview,MV_s07,v02
videos/NoFALL/multiview_a01_v02_s07_e04.mp4,NoFALL,multiview,MV_s07,v02
videos/NoFALL/multiview_a01_v02_s08_e00.mp4,NoFALL,multiview,MV_s08,v02
videos/NoFALL/multiview_a01_v02_s08_e01.mp4,NoFALL,multiview,MV_s08,v02
videos/NoFALL/multiview_a01_v02_s08_e02.mp4,NoFALL,multiview,MV_s08,v02
videos/NoFALL/multiview_a01_v02_s08_e03.mp4,NoFALL,multiview,MV_s08,v02
videos/NoFALL/multiview_a01_v02_s08_e04.mp4,NoFALL,multiview,MV_s08,v02
videos/NoFALL/multiview_a01_v02_s09_e00.mp4,NoFALL,multiview,MV_s09,v02
videos/NoFALL/multiview_a01_v02_s09_e01.mp4,NoFALL,multiview,MV_s09,v02
videos/NoFALL/multiview_a01_v02_s09_e02.mp4,NoFALL,multiview,MV_s09,v02
videos/NoFALL/multiview_a01_v02_s09_e03.mp4,NoFALL,multiview,MV_s09,v02
videos/NoFALL/multiview_a01_v02_s09_e04.mp4,NoFALL,multiview,MV_s09,v02
videos/NoFALL/multiview_a01_v02_s10_e00.mp4,NoFALL,multiview,MV_s10,v02
videos/NoFALL/multiview_a01_v02_s10_e01.mp4,NoFALL,multiview,MV_s10,v02
videos/NoFALL/multiview_a01_v02_s10_e02.mp4,NoFALL,multiview,MV_s10,v02
videos/NoFALL/multiview_a01_v02_s10_e03.mp4,NoFALL,multiview,MV_s10,v02
videos/NoFALL/multiview_a01_v02_s10_e04.mp4,NoFALL,multiview,MV_s10,v02
videos/NoFALL/multiview_a02_v01_s01_e00.mp4,NoFALL,multiview,MV_s01,v01
videos/NoFALL/multiview_a02_v01_s01_e01.mp4,NoFALL,multiview,MV_s01,v01
videos/NoFALL/multiview_a02_v01_s01_e02.mp4,NoFALL,multiview,MV_s01,v01
videos/NoFALL/multiview_a02_v01_s01_e03.mp4,NoFALL,multiview,MV_s01,v01
videos/NoFALL/multiview_a02_v01_s01_e04.mp4,NoFALL,multiview,MV_s01,v01
videos/NoFALL/multiview_a02_v01_s02_e00.mp4,NoFALL,multiview,MV_s02,v01
videos/NoFALL/multiview_a02_v01_s02_e01.mp4,NoFALL,multiview,MV_s02,v01
videos/NoFALL/multiview_a02_v01_s02_e02.mp4,NoFALL,multiview,MV_s02,v01
videos/NoFALL/multiview_a02_v01_s02_e03.mp4,NoFALL,multiview,MV_s02,v01
videos/NoFALL/multiview_a02_v01_s02_e04.mp4,NoFALL,multiview,MV_s02,v01
videos/NoFALL/multiview_a02_v01_s03_e00.mp4,NoFALL,multiview,MV_s03,v01
videos/NoFALL/multiview_a02_v01_s03_e01.mp4,NoFALL,multiview,MV_s03,v01
videos/NoFALL/multiview_a02_v01_s03_e02.mp4,NoFALL,multiview,MV_s03,v01
videos/NoFALL/multiview_a02_v01_s03_e03.mp4,NoFALL,multiview,MV_s03,v01
videos/NoFALL/multiview_a02_v01_s03_e04.mp4,NoFALL,multiview,MV_s03,v01
videos/NoFALL/multiview_a02_v01_s04_e00.mp4,NoFALL,multiview,MV_s04,v01
videos/NoFALL/multiview_a02_v01_s04_e01.mp4,NoFALL,multiview,MV_s04,v01
videos/NoFALL/multiview_a02_v01_s04_e02.mp4,NoFALL,multiview,MV_s04,v01
videos/NoFALL/multiview_a02_v01_s04_e03.mp4,NoFALL,multiview,MV_s04,v01
videos/NoFALL/multiview_a02_v01_s04_e04.mp4,NoFALL,multiview,MV_s04,v01
videos/NoFALL/multiview_a02_v01_s05_e00.mp4,NoFALL,multiview,MV_s05,v01
videos/NoFALL/multiview_a02_v01_s05_e01.mp4,NoFALL,multiview,MV_s05,v01
videos/NoFALL/multiview_a02_v01_s05_e02.mp4,NoFALL,multiview,MV_s05,v01
videos/NoFALL/multiview_a02_v01_s05_e03.mp4,NoFALL,multiview,MV_s05,v01
videos/NoFALL/multiview_a02_v01_s05_e04.mp4,NoFALL,multiview,MV_s05,v01
videos/NoFALL/multiview_a02_v01_s06_e00.mp4,NoFALL,multiview,MV_s06,v01
videos/NoFALL/multiview_a02_v01_s06_e01.mp4,NoFALL,multiview,MV_s06,v01
videos/NoFALL/multiview_a02_v01_s06_e02.mp4,NoFALL,multiview,MV_s06,v01
videos/NoFALL/multiview_a02_v01_s06_e03.mp4,NoFALL,multiview,MV_s06,v01
videos/NoFALL/multiview_a02_v01_s06_e04.mp4,NoFALL,multiview,MV_s06,v01
videos/NoFALL/multiview_a02_v01_s06_e05.mp4,NoFALL,multiview,MV_s06,v01
videos/NoFALL/multiview_a02_v01_s07_e00.mp4,NoFALL,multiview,MV_s07,v01
videos/NoFALL/multiview_a02_v01_s07_e01.mp4,NoFALL,multiview,MV_s07,v01
videos/NoFALL/multiview_a02_v01_s07_e02.mp4,NoFALL,multiview,MV_s07,v01
videos/NoFALL/multiview_a02_v01_s07_e03.mp4,NoFALL,multiview,MV_s07,v01
videos/NoFALL/multiview_a02_v01_s07_e04.mp4,NoFALL,multiview,MV_s07,v01
videos/NoFALL/multiview_a02_v01_s07_e05.mp4,NoFALL,multiview,MV_s07,v01
videos/NoFALL/multiview_a02_v01_s08_e00.mp4,NoFALL,multiview,MV_s08,v01
videos/NoFALL/multiview_a02_v01_s08_e01.mp4,NoFALL,multiview,MV_s08,v01
videos/NoFALL/multiview_a02_v01_s08_e02.mp4,NoFALL,multiview,MV_s08,v01
videos/NoFALL/multiview_a02_v01_s08_e03.mp4,NoFALL,multiview,MV_s08,v01
videos/NoFALL/multiview_a02_v01_s08_e04.mp4,NoFALL,multiview,MV_s08,v01
videos/NoFALL/multiview_a02_v01_s09_e00.mp4,NoFALL,multiview,MV_s09,v01
videos/NoFALL/multiview_a02_v01_s09_e01.mp4,NoFALL,multiview,MV_s09,v01
videos/NoFALL/multiview_a02_v01_s09_e02.mp4,NoFALL,multiview,MV_s09,v01
videos/NoFALL/multiview_a02_v01_s09_e03.mp4,NoFALL,multiview,MV_s09,v01
videos/NoFALL/multiview_a02_v01_s10_e00.mp4,NoFALL,multiview,MV_s10,v01
videos/NoFALL/multiview_a02_v01_s10_e01.mp4,NoFALL,multiview,MV_s10,v01
videos/NoFALL/multiview_a02_v01_s10_e02.mp4,NoFALL,multiview,MV_s10,v01
videos/NoFALL/multiview_a02_v01_s10_e03.mp4,NoFALL,multiview,MV_s10,v01
videos/NoFALL/multiview_a02_v01_s10_e04.mp4,NoFALL,multiview,MV_s10,v01
videos/NoFALL/multiview_a02_v01_s10_e05.mp4,NoFALL,multiview,MV_s10,v01
videos/NoFALL/multiview_a02_v02_s01_e00.mp4,NoFALL,multiview,MV_s01,v02
videos/NoFALL/multiview_a02_v02_s01_e01.mp4,NoFALL,multiview,MV_s01,v02
videos/NoFALL/multiview_a02_v02_s01_e02.mp4,NoFALL,multiview,MV_s01,v02
videos/NoFALL/multiview_a02_v02_s01_e03.mp4,NoFALL,multiview,MV_s01,v02
videos/NoFALL/multiview_a02_v02_s01_e04.mp4,NoFALL,multiview,MV_s01,v02
videos/NoFALL/multiview_a02_v02_s02_e00.mp4,NoFALL,multiview,MV_s02,v02
videos/NoFALL/multiview_a02_v02_s02_e01.mp4,NoFALL,multiview,MV_s02,v02
videos/NoFALL/multiview_a02_v02_s02_e02.mp4,NoFALL,multiview,MV_s02,v02
videos/NoFALL/multiview_a02_v02_s02_e03.mp4,NoFALL,multiview,MV_s02,v02
videos/NoFALL/multiview_a02_v02_s02_e04.mp4,NoFALL,multiview,MV_s02,v02
videos/NoFALL/multiview_a02_v02_s03_e00.mp4,NoFALL,multiview,MV_s03,v02
videos/NoFALL/multiview_a02_v02_s03_e01.mp4,NoFALL,multiview,MV_s03,v02
videos/NoFALL/multiview_a02_v02_s03_e02.mp4,NoFALL,multiview,MV_s03,v02
videos/NoFALL/multiview_a02_v02_s03_e03.mp4,NoFALL,multiview,MV_s03,v02
videos/NoFALL/multiview_a02_v02_s03_e04.mp4,NoFALL,multiview,MV_s03,v02
videos/NoFALL/multiview_a02_v02_s04_e00.mp4,NoFALL,multiview,MV_s04,v02
videos/NoFALL/multiview_a02_v02_s04_e01.mp4,NoFALL,multiview,MV_s04,v02
videos/NoFALL/multiview_a02_v02_s04_e02.mp4,NoFALL,multiview,MV_s04,v02
videos/NoFALL/multiview_a02_v02_s04_e03.mp4,NoFALL,multiview,MV_s04,v02
videos/NoFALL/multiview_a02_v02_s04_e04.mp4,NoFALL,multiview,MV_s04,v02
videos/NoFALL/multiview_a02_v02_s05_e00.mp4,NoFALL,multiview,MV_s05,v02
videos/NoFALL/multiview_a02_v02_s05_e01.mp4,NoFALL,multiview,MV_s05,v02
videos/NoFALL/multiview_a02_v02_s05_e02.mp4,NoFALL,multiview,MV_s05,v02
videos/NoFALL/multiview_a02_v02_s05_e03.mp4,NoFALL,multiview,MV_s05,v02
videos/NoFALL/multiview_a02_v02_s05_e04.mp4,NoFALL,multiview,MV_s05,v02
videos/NoFALL/multiview_a02_v02_s06_e00.mp4,NoFALL,multiview,MV_s06,v02
videos/NoFALL/multiview_a02_v02_s06_e01.mp4,NoFALL,multiview,MV_s06,v02
videos/NoFALL/multiview_a02_v02_s06_e02.mp4,NoFALL,multiview,MV_s06,v02
videos/NoFALL/multiview_a02_v02_s06_e03.mp4,NoFALL,multiview,MV_s06,v02
videos/NoFALL/multiview_a02_v02_s06_e04.mp4,NoFALL,multiview,MV_s06,v02
videos/NoFALL/multiview_a02_v02_s07_e00.mp4,NoFALL,multiview,MV_s07,v02
videos/NoFALL/multiview_a02_v02_s07_e01.mp4,NoFALL,multiview,MV_s07,v02
videos/NoFALL/multiview_a02_v02_s07_e02.mp4,NoFALL,multiview,MV_s07,v02
videos/NoFALL/multiview_a02_v02_s07_e04.mp4,NoFALL,multiview,MV_s07,v02
videos/NoFALL/multiview_a02_v02_s07_e05.mp4,NoFALL,multiview,MV_s07,v02
videos/NoFALL/multiview_a02_v02_s08_e00.mp4,NoFALL,multiview,MV_s08,v02
videos/NoFALL/multiview_a02_v02_s08_e01.mp4,NoFALL,multiview,MV_s08,v02
videos/NoFALL/multiview_a02_v02_s08_e02.mp4,NoFALL,multiview,MV_s08,v02
videos/NoFALL/multiview_a02_v02_s08_e03.mp4,NoFALL,multiview,MV_s08,v02
videos/NoFALL/multiview_a02_v02_s08_e04.mp4,NoFALL,multiview,MV_s08,v02
videos/NoFALL/multiview_a02_v02_s09_e00.mp4,NoFALL,multiview,MV_s09,v02
videos/NoFALL/multiview_a02_v02_s09_e01.mp4,NoFALL,multiview,MV_s09,v02
videos/NoFALL/multiview_a02_v02_s09_e02.mp4,NoFALL,multiview,MV_s09,v02
videos/NoFALL/multiview_a02_v02_s09_e03.mp4,NoFALL,multiview,MV_s09,v02
videos/NoFALL/multiview_a02_v02_s10_e00.mp4,NoFALL,multiview,MV_s10,v02
videos/NoFALL/multiview_a02_v02_s10_e01.mp4,NoFALL,multiview,MV_s10,v02
videos/NoFALL/multiview_a02_v02_s10_e02.mp4,NoFALL,multiview,MV_s10,v02
videos/NoFALL/multiview_a02_v02_s10_e04.mp4,NoFALL,multiview,MV_s10,v02
videos/NoFALL/multiview_a03_v01_s01_e00.mp4,NoFALL,multiview,MV_s01,v01
videos/NoFALL/multiview_a03_v01_s01_e01.mp4,NoFALL,multiview,MV_s01,v01
videos/NoFALL/multiview_a03_v01_s01_e02.mp4,NoFALL,multiview,MV_s01,v01
videos/NoFALL/multiview_a03_v01_s01_e03.mp4,NoFALL,multiview,MV_s01,v01
videos/NoFALL/multiview_a03_v01_s01_e04.mp4,NoFALL,multiview,MV_s01,v01
videos/NoFALL/multiview_a03_v01_s02_e00.mp4,NoFALL,multiview,MV_s02,v01
videos/NoFALL/multiview_a03_v01_s02_e01.mp4,NoFALL,multiview,MV_s02,v01
videos/NoFALL/multiview_a03_v01_s02_e02.mp4,NoFALL,multiview,MV_s02,v01
videos/NoFALL/multiview_a03_v01_s02_e03.mp4,NoFALL,multiview,MV_s02,v01
videos/NoFALL/multiview_a03_v01_s02_e04.mp4,NoFALL,multiview,MV_s02,v01
videos/NoFALL/multiview_a03_v01_s03_e00.mp4,NoFALL,multiview,MV_s03,v01
videos/NoFALL/multiview_a03_v01_s03_e01.mp4,NoFALL,multiview,MV_s03,v01
videos/NoFALL/multiview_a03_v01_s03_e02.mp4,NoFALL,multiview,MV_s03,v01
videos/NoFALL/multiview_a03_v01_s03_e03.mp4,NoFALL,multiview,MV_s03,v01
videos/NoFALL/multiview_a03_v01_s03_e04.mp4,NoFALL,multiview,MV_s03,v01
videos/NoFALL/multiview_a03_v01_s03_e05.mp4,NoFALL,multiview,MV_s03,v01
videos/NoFALL/multiview_a03_v01_s04_e00.mp4,NoFALL,multiview,MV_s04,v01
videos/NoFALL/multiview_a03_v01_s04_e01.mp4,NoFALL,multiview,MV_s04,v01
videos/NoFALL/multiview_a03_v01_s04_e02.mp4,NoFALL,multiview,MV_s04,v01
videos/NoFALL/multiview_a03_v01_s04_e03.mp4,NoFALL,multiview,MV_s04,v01
videos/NoFALL/multiview_a03_v01_s04_e04.mp4,NoFALL,multiview,MV_s04,v01
videos/NoFALL/multiview_a03_v01_s05_e00.mp4,NoFALL,multiview,MV_s05,v01
videos/NoFALL/multiview_a03_v01_s05_e01.mp4,NoFALL,multiview,MV_s05,v01
videos/NoFALL/multiview_a03_v01_s05_e02.mp4,NoFALL,multiview,MV_s05,v01
videos/NoFALL/multiview_a03_v01_s05_e03.mp4,NoFALL,multiview,MV_s05,v01
videos/NoFALL/multiview_a03_v01_s06_e00.mp4,NoFALL,multiview,MV_s06,v01
videos/NoFALL/multiview_a03_v01_s06_e02.mp4,NoFALL,multiview,MV_s06,v01
videos/NoFALL/multiview_a03_v01_s06_e03.mp4,NoFALL,multiview,MV_s06,v01
videos/NoFALL/multiview_a03_v01_s06_e04.mp4,NoFALL,multiview,MV_s06,v01
videos/NoFALL/multiview_a03_v01_s07_e00.mp4,NoFALL,multiview,MV_s07,v01
videos/NoFALL/multiview_a03_v01_s07_e01.mp4,NoFALL,multiview,MV_s07,v01
videos/NoFALL/multiview_a03_v01_s07_e03.mp4,NoFALL,multiview,MV_s07,v01
videos/NoFALL/multiview_a03_v01_s07_e04.mp4,NoFALL,multiview,MV_s07,v01
videos/NoFALL/multiview_a03_v01_s08_e00.mp4,NoFALL,multiview,MV_s08,v01
videos/NoFALL/multiview_a03_v01_s08_e01.mp4,NoFALL,multiview,MV_s08,v01
videos/NoFALL/multiview_a03_v01_s08_e02.mp4,NoFALL,multiview,MV_s08,v01
videos/NoFALL/multiview_a03_v01_s08_e03.mp4,NoFALL,multiview,MV_s08,v01
videos/NoFALL/multiview_a03_v01_s08_e04.mp4,NoFALL,multiview,MV_s08,v01
videos/NoFALL/multiview_a03_v01_s08_e05.mp4,NoFALL,multiview,MV_s08,v01
videos/NoFALL/multiview_a03_v01_s08_e06.mp4,NoFALL,multiview,MV_s08,v01
videos/NoFALL/multiview_a03_v01_s09_e00.mp4,NoFALL,multiview,MV_s09,v01
videos/NoFALL/multiview_a03_v01_s09_e01.mp4,NoFALL,multiview,MV_s09,v01
videos/NoFALL/multiview_a03_v01_s09_e02.mp4,NoFALL,multiview,MV_s09,v01
videos/NoFALL/multiview_a03_v01_s09_e03.mp4,NoFALL,multiview,MV_s09,v01
videos/NoFALL/multiview_a03_v01_s09_e04.mp4,NoFALL,multiview,MV_s09,v01
videos/NoFALL/multiview_a03_v01_s10_e00.mp4,NoFALL,multiview,MV_s10,v01
videos/NoFALL/multiview_a03_v01_s10_e01.mp4,NoFALL,multiview,MV_s10,v01
videos/NoFALL/multiview_a03_v01_s10_e02.mp4,NoFALL,multiview,MV_s10,v01
videos/NoFALL/multiview_a03_v01_s10_e03.mp4,NoFALL,multiview,MV_s10,v01
videos/NoFALL/multiview_a03_v01_s10_e04.mp4,NoFALL,multiview,MV_s10,v01
videos/NoFALL/multiview_a03_v02_s01_e00.mp4,NoFALL,multiview,MV_s01,v02
videos/NoFALL/multiview_a03_v02_s01_e01.mp4,NoFALL,multiview,MV_s01,v02
videos/NoFALL/multiview_a03_v02_s01_e02.mp4,NoFALL,multiview,MV_s01,v02
videos/NoFALL/multiview_a03_v02_s01_e03.mp4,NoFALL,multiview,MV_s01,v02
videos/NoFALL/multiview_a03_v02_s01_e04.mp4,NoFALL,multiview,MV_s01,v02
videos/NoFALL/multiview_a03_v02_s02_e00.mp4,NoFALL,multiview,MV_s02,v02
videos/NoFALL/multiview_a03_v02_s02_e01.mp4,NoFALL,multiview,MV_s02,v02
videos/NoFALL/multiview_a03_v02_s02_e02.mp4,NoFALL,multiview,MV_s02,v02
videos/NoFALL/multiview_a03_v02_s02_e03.mp4,NoFALL,multiview,MV_s02,v02
videos/NoFALL/multiview_a03_v02_s02_e04.mp4,NoFALL,multiview,MV_s02,v02
videos/NoFALL/multiview_a03_v02_s03_e00.mp4,NoFALL,multiview,MV_s03,v02
videos/NoFALL/multiview_a03_v02_s03_e01.mp4,NoFALL,multiview,MV_s03,v02
videos/NoFALL/multiview_a03_v02_s03_e02.mp4,NoFALL,multiview,MV_s03,v02
videos/NoFALL/multiview_a03_v02_s03_e03.mp4,NoFALL,multiview,MV_s03,v02
videos/NoFALL/multiview_a03_v02_s03_e04.mp4,NoFALL,multiview,MV_s03,v02
videos/NoFALL/multiview_a03_v02_s03_e05.mp4,NoFALL,multiview,MV_s03,v02
videos/NoFALL/multiview_a03_v02_s04_e00.mp4,NoFALL,multiview,MV_s04,v02
videos/NoFALL/multiview_a03_v02_s04_e01.mp4,NoFALL,multiview,MV_s04,v02
videos/NoFALL/multiview_a03_v02_s04_e02.mp4,NoFALL,multiview,MV_s04,v02
videos/NoFALL/multiview_a03_v02_s04_e03.mp4,NoFALL,multiview,MV_s04,v02
videos/NoFALL/multiview_a03_v02_s04_e04.mp4,NoFALL,multiview,MV_s04,v02
videos/NoFALL/multiview_a03_v02_s05_e00.mp4,NoFALL,multiview,MV_s05,v02
videos/NoFALL/multiview_a03_v02_s05_e01.mp4,NoFALL,multiview,MV_s05,v02
videos/NoFALL/multiview_a03_v02_s05_e02.mp4,NoFALL,multiview,MV_s05,v02
videos/NoFALL/multiview_a03_v02_s05_e03.mp4,NoFALL,multiview,MV_s05,v02
videos/NoFALL/multiview_a03_v02_s05_e04.mp4,NoFALL,multiview,MV_s05,v02
videos/NoFALL/multiview_a03_v02_s06_e00.mp4,NoFALL,multiview,MV_s06,v02
videos/NoFALL/multiview_a03_v02_s06_e01.mp4,NoFALL,multiview,MV_s06,v02
videos/NoFALL/multiview_a03_v02_s06_e02.mp4,NoFALL,multiview,MV_s06,v02
videos/NoFALL/multiview_a03_v02_s07_e00.mp4,NoFALL,multiview,MV_s07,v02
videos/NoFALL/multiview_a03_v02_s07_e01.mp4,NoFALL,multiview,MV_s07,v02
videos/NoFALL/multiview_a03_v02_s07_e02.mp4,NoFALL,multiview,MV_s07,v02
videos/NoFALL/multiview_a03_v02_s07_e03.mp4,NoFALL,multiview,MV_s07,v02
videos/NoFALL/multiview_a03_v02_s07_e04.mp4,NoFALL,multiview,MV_s07,v02
videos/NoFALL/multiview_a03_v02_s08_e00.mp4,NoFALL,multiview,MV_s08,v02
videos/NoFALL/multiview_a03_v02_s08_e01.mp4,NoFALL,multiview,MV_s08,v02
videos/NoFALL/multiview_a03_v02_s08_e02.mp4,NoFALL,multiview,MV_s08,v02
videos/NoFALL/multiview_a03_v02_s08_e03.mp4,NoFALL,multiview,MV_s08,v02
videos/NoFALL/multiview_a03_v02_s09_e00.mp4,NoFALL,multiview,MV_s09,v02
videos/NoFALL/multiview_a03_v02_s09_e02.mp4,NoFALL,multiview,MV_s09,v02
videos/NoFALL/multiview_a03_v02_s09_e04.mp4,NoFALL,multiview,MV_s09,v02
videos/NoFALL/multiview_a03_v02_s10_e00.mp4,NoFALL,multiview,MV_s10,v02
videos/NoFALL/multiview_a03_v02_s10_e02.mp4,NoFALL,multiview,MV_s10,v02
videos/NoFALL/multiview_a03_v02_s10_e03.mp4,NoFALL,multiview,MV_s10,v02
videos/NoFALL/multiview_a04_v01_s01_e00.mp4,NoFALL,multiview,MV_s01,v01
videos/NoFALL/multiview_a04_v01_s01_e01.mp4,NoFALL,multiview,MV_s01,v01
videos/NoFALL/multiview_a04_v01_s01_e02.mp4,NoFALL,multiview,MV_s01,v01
videos/NoFALL/multiview_a04_v01_s01_e03.mp4,NoFALL,multiview,MV_s01,v01
videos/NoFALL/multiview_a04_v01_s01_e04.mp4,NoFALL,multiview,MV_s01,v01
videos/NoFALL/multiview_a04_v01_s01_e05.mp4,NoFALL,multiview,MV_s01,v01
videos/NoFALL/multiview_a04_v01_s02_e00.mp4,NoFALL,multiview,MV_s02,v01
videos/NoFALL/multiview_a04_v01_s02_e01.mp4,NoFALL,multiview,MV_s02,v01
videos/NoFALL/multiview_a04_v01_s02_e02.mp4,NoFALL,multiview,MV_s02,v01
videos/NoFALL/multiview_a04_v01_s02_e03.mp4,NoFALL,multiview,MV_s02,v01
videos/NoFALL/multiview_a04_v01_s02_e04.mp4,NoFALL,multiview,MV_s02,v01
videos/NoFALL/multiview_a04_v01_s02_e05.mp4,NoFALL,multiview,MV_s02,v01
videos/NoFALL/multiview_a04_v01_s03_e00.mp4,NoFALL,multiview,MV_s03,v01
videos/NoFALL/multiview_a04_v01_s03_e01.mp4,NoFALL,multiview,MV_s03,v01
videos/NoFALL/multiview_a04_v01_s03_e02.mp4,NoFALL,multiview,MV_s03,v01
videos/NoFALL/multiview_a04_v01_s03_e03.mp4,NoFALL,multiview,MV_s03,v01
videos/NoFALL/multiview_a04_v01_s03_e04.mp4,NoFALL,multiview,MV_s03,v01
videos/NoFALL/multiview_a04_v01_s03_e05.mp4,NoFALL,multiview,MV_s03,v01
videos/NoFALL/multiview_a04_v01_s04_e00.mp4,NoFALL,multiview,MV_s04,v01
videos/NoFALL/multiview_a04_v01_s04_e01.mp4,NoFALL,multiview,MV_s04,v01
videos/NoFALL/multiview_a04_v01_s04_e02.mp4,NoFALL,multiview,MV_s04,v01
videos/NoFALL/multiview_a04_v01_s04_e03.mp4,NoFALL,multiview,MV_s04,v01
videos/NoFALL/multiview_a04_v01_s04_e04.mp4,NoFALL,multiview,MV_s04,v01
videos/NoFALL/multiview_a04_v01_s04_e05.mp4,NoFALL,multiview,MV_s04,v01
videos/NoFALL/multiview_a04_v01_s04_e06.mp4,NoFALL,multiview,MV_s04,v01
videos/NoFALL/multiview_a04_v01_s04_e07.mp4,NoFALL,multiview,MV_s04,v01
videos/NoFALL/multiview_a04_v01_s04_e08.mp4,NoFALL,multiview,MV_s04,v01
videos/NoFALL/multiview_a04_v01_s04_e09.mp4,NoFALL,multiview,MV_s04,v01
videos/NoFALL/multiview_a04_v01_s04_e10.mp4,NoFALL,multiview,MV_s04,v01
videos/NoFALL/multiview_a04_v01_s05_e00.mp4,NoFALL,multiview,MV_s05,v01
videos/NoFALL/multiview_a04_v01_s05_e01.mp4,NoFALL,multiview,MV_s05,v01
videos/NoFALL/multiview_a04_v01_s05_e02.mp4,NoFALL,multiview,MV_s05,v01
videos/NoFALL/multiview_a04_v01_s05_e03.mp4,NoFALL,multiview,MV_s05,v01
videos/NoFALL/multiview_a04_v01_s05_e04.mp4,NoFALL,multiview,MV_s05,v01
videos/NoFALL/multiview_a04_v01_s05_e05.mp4,NoFALL,multiview,MV_s05,v01
videos/NoFALL/multiview_a04_v01_s05_e06.mp4,NoFALL,multiview,MV_s05,v01
videos/NoFALL/multiview_a04_v01_s05_e07.mp4,NoFALL,multiview,MV_s05,v01
videos/NoFALL/multiview_a04_v01_s05_e08.mp4,NoFALL,multiview,MV_s05,v01
videos/NoFALL/multiview_a04_v01_s05_e09.mp4,NoFALL,multiview,MV_s05,v01
videos/NoFALL/multiview_a04_v01_s06_e00.mp4,NoFALL,multiview,MV_s06,v01
videos/NoFALL/multiview_a04_v01_s06_e01.mp4,NoFALL,multiview,MV_s06,v01
videos/NoFALL/multiview_a04_v01_s06_e02.mp4,NoFALL,multiview,MV_s06,v01
videos/NoFALL/multiview_a04_v01_s06_e03.mp4,NoFALL,multiview,MV_s06,v01
videos/NoFALL/multiview_a04_v01_s06_e04.mp4,NoFALL,multiview,MV_s06,v01
videos/NoFALL/multiview_a04_v01_s07_e00.mp4,NoFALL,multiview,MV_s07,v01
videos/NoFALL/multiview_a04_v01_s07_e01.mp4,NoFALL,multiview,MV_s07,v01
videos/NoFALL/multiview_a04_v01_s07_e02.mp4,NoFALL,multiview,MV_s07,v01
videos/NoFALL/multiview_a04_v01_s07_e03.mp4,NoFALL,multiview,MV_s07,v01
videos/NoFALL/multiview_a04_v01_s07_e04.mp4,NoFALL,multiview,MV_s07,v01
videos/NoFALL/multiview_a04_v01_s08_e00.mp4,NoFALL,multiview,MV_s08,v01
videos/NoFALL/multiview_a04_v01_s08_e01.mp4,NoFALL,multiview,MV_s08,v01
videos/NoFALL/multiview_a04_v01_s08_e02.mp4,NoFALL,multiview,MV_s08,v01
videos/NoFALL/multiview_a04_v01_s08_e03.mp4,NoFALL,multiview,MV_s08,v01
videos/NoFALL/multiview_a04_v01_s08_e04.mp4,NoFALL,multiview,MV_s08,v01
videos/NoFALL/multiview_a04_v01_s09_e00.mp4,NoFALL,multiview,MV_s09,v01
videos/NoFALL/multiview_a04_v01_s09_e01.mp4,NoFALL,multiview,MV_s09,v01
videos/NoFALL/multiview_a04_v01_s09_e02.mp4,NoFALL,multiview,MV_s09,v01
videos/NoFALL/multiview_a04_v01_s09_e03.mp4,NoFALL,multiview,MV_s09,v01
videos/NoFALL/multiview_a04_v01_s09_e04.mp4,NoFALL,multiview,MV_s09,v01
videos/NoFALL/multiview_a04_v01_s10_e00.mp4,NoFALL,multiview,MV_s10,v01
videos/NoFALL/multiview_a04_v01_s10_e01.mp4,NoFALL,multiview,MV_s10,v01
videos/NoFALL/multiview_a04_v01_s10_e02.mp4,NoFALL,multiview,MV_s10,v01
videos/NoFALL/multiview_a04_v01_s10_e03.mp4,NoFALL,multiview,MV_s10,v01
videos/NoFALL/multiview_a04_v01_s10_e04.mp4,NoFALL,multiview,MV_s10,v01
videos/NoFALL/multiview_a04_v02_s01_e00.mp4,NoFALL,multiview,MV_s01,v02
videos/NoFALL/multiview_a04_v02_s01_e01.mp4,NoFALL,multiview,MV_s01,v02
videos/NoFALL/multiview_a04_v02_s01_e02.mp4,NoFALL,multiview,MV_s01,v02
videos/NoFALL/multiview_a04_v02_s01_e03.mp4,NoFALL,multiview,MV_s01,v02
videos/NoFALL/multiview_a04_v02_s01_e04.mp4,NoFALL,multiview,MV_s01,v02
videos/NoFALL/multiview_a04_v02_s01_e05.mp4,NoFALL,multiview,MV_s01,v02
videos/NoFALL/multiview_a04_v02_s01_e06.mp4,NoFALL,multiview,MV_s01,v02
videos/NoFALL/multiview_a04_v02_s01_e07.mp4,NoFALL,multiview,MV_s01,v02
videos/NoFALL/multiview_a04_v02_s01_e08.mp4,NoFALL,multiview,MV_s01,v02
videos/NoFALL/multiview_a04_v02_s01_e09.mp4,NoFALL,multiview,MV_s01,v02
videos/NoFALL/multiview_a04_v02_s02_e00.mp4,NoFALL,multiview,MV_s02,v02
videos/NoFALL/multiview_a04_v02_s02_e01.mp4,NoFALL,multiview,MV_s02,v02
videos/NoFALL/multiview_a04_v02_s02_e02.mp4,NoFALL,multiview,MV_s02,v02
videos/NoFALL/multiview_a04_v02_s02_e03.mp4,NoFALL,multiview,MV_s02,v02
videos/NoFALL/multiview_a04_v02_s02_e04.mp4,NoFALL,multiview,MV_s02,v02
videos/NoFALL/multiview_a04_v02_s02_e05.mp4,NoFALL,multiview,MV_s02,v02
videos/NoFALL/multiview_a04_v02_s02_e06.mp4,NoFALL,multiview,MV_s02,v02
videos/NoFALL/multiview_a04_v02_s02_e07.mp4,NoFALL,multiview,MV_s02,v02
videos/NoFALL/multiview_a04_v02_s03_e00.mp4,NoFALL,multiview,MV_s03,v02
videos/NoFALL/multiview_a04_v02_s03_e01.mp4,NoFALL,multiview,MV_s03,v02
videos/NoFALL/multiview_a04_v02_s03_e02.mp4,NoFALL,multiview,MV_s03,v02
videos/NoFALL/multiview_a04_v02_s03_e03.mp4,NoFALL,multiview,MV_s03,v02
videos/NoFALL/multiview_a04_v02_s03_e04.mp4,NoFALL,multiview,MV_s03,v02
videos/NoFALL/multiview_a04_v02_s03_e05.mp4,NoFALL,multiview,MV_s03,v02
videos/NoFALL/multiview_a04_v02_s04_e00.mp4,NoFALL,multiview,MV_s04,v02
videos/NoFALL/multiview_a04_v02_s04_e01.mp4,NoFALL,multiview,MV_s04,v02
videos/NoFALL/multiview_a04_v02_s04_e02.mp4,NoFALL,multiview,MV_s04,v02
videos/NoFALL/multiview_a04_v02_s04_e03.mp4,NoFALL,multiview,MV_s04,v02
videos/NoFALL/multiview_a04_v02_s04_e04.mp4,NoFALL,multiview,MV_s04,v02
videos/NoFALL/multiview_a04_v02_s04_e05.mp4,NoFALL,multiview,MV_s04,v02
videos/NoFALL/multiview_a04_v02_s05_e00.mp4,NoFALL,multiview,MV_s05,v02
videos/NoFALL/multiview_a04_v02_s05_e01.mp4,NoFALL,multiview,MV_s05,v02
videos/NoFALL/multiview_a04_v02_s05_e02.mp4,NoFALL,multiview,MV_s05,v02
videos/NoFALL/multiview_a04_v02_s05_e03.mp4,NoFALL,multiview,MV_s05,v02
videos/NoFALL/multiview_a04_v02_s05_e04.mp4,NoFALL,multiview,MV_s05,v02
videos/NoFALL/multiview_a04_v02_s06_e00.mp4,NoFALL,multiview,MV_s06,v02
videos/NoFALL/multiview_a04_v02_s06_e01.mp4,NoFALL,multiview,MV_s06,v02
videos/NoFALL/multiview_a04_v02_s06_e02.mp4,NoFALL,multiview,MV_s06,v02
videos/NoFALL/multiview_a04_v02_s06_e03.mp4,NoFALL,multiview,MV_s06,v02
videos/NoFALL/multiview_a04_v02_s06_e04.mp4,NoFALL,multiview,MV_s06,v02
videos/NoFALL/multiview_a04_v02_s06_e05.mp4,NoFALL,multiview,MV_s06,v02
videos/NoFALL/multiview_a04_v02_s07_e00.mp4,NoFALL,multiview,MV_s07,v02
videos/NoFALL/multiview_a04_v02_s07_e01.mp4,NoFALL,multiview,MV_s07,v02
videos/NoFALL/multiview_a04_v02_s07_e02.mp4,NoFALL,multiview,MV_s07,v02
videos/NoFALL/multiview_a04_v02_s07_e03.mp4,NoFALL,multiview,MV_s07,v02
videos/NoFALL/multiview_a04_v02_s07_e04.mp4,NoFALL,multiview,MV_s07,v02
videos/NoFALL/multiview_a04_v02_s08_e00.mp4,NoFALL,multiview,MV_s08,v02
videos/NoFALL/multiview_a04_v02_s08_e01.mp4,NoFALL,multiview,MV_s08,v02
videos/NoFALL/multiview_a04_v02_s08_e02.mp4,NoFALL,multiview,MV_s08,v02
videos/NoFALL/multiview_a04_v02_s08_e03.mp4,NoFALL,multiview,MV_s08,v02
videos/NoFALL/multiview_a04_v02_s08_e04.mp4,NoFALL,multiview,MV_s08,v02
videos/NoFALL/multiview_a04_v02_s09_e00.mp4,NoFALL,multiview,MV_s09,v02
videos/NoFALL/multiview_a04_v02_s09_e01.mp4,NoFALL,multiview,MV_s09,v02
videos/NoFALL/multiview_a04_v02_s09_e02.mp4,NoFALL,multiview,MV_s09,v02
videos/NoFALL/multiview_a04_v02_s09_e03.mp4,NoFALL,multiview,MV_s09,v02
videos/NoFALL/multiview_a04_v02_s09_e04.mp4,NoFALL,multiview,MV_s09,v02
videos/NoFALL/multiview_a04_v02_s10_e00.mp4,NoFALL,multiview,MV_s10,v02
videos/NoFALL/multiview_a04_v02_s10_e01.mp4,NoFALL,multiview,MV_s10,v02
videos/NoFALL/multiview_a04_v02_s10_e02.mp4,NoFALL,multiview,MV_s10,v02
videos/NoFALL/multiview_a04_v02_s10_e03.mp4,NoFALL,multiview,MV_s10,v02
videos/NoFALL/multiview_a05_v01_s01_e00.mp4,NoFALL,multiview,MV_s01,v01
videos/NoFALL/multiview_a05_v01_s01_e01.mp4,NoFALL,multiview,MV_s01,v01
videos/NoFALL/multiview_a05_v01_s01_e02.mp4,NoFALL,multiview,MV_s01,v01
videos/NoFALL/multiview_a05_v01_s01_e03.mp4,NoFALL,multiview,MV_s01,v01
videos/NoFALL/multiview_a05_v01_s01_e04.mp4,NoFALL,multiview,MV_s01,v01
videos/NoFALL/multiview_a05_v01_s02_e00.mp4,NoFALL,multiview,MV_s02,v01
videos/NoFALL/multiview_a05_v01_s02_e01.mp4,NoFALL,multiview,MV_s02,v01
videos/NoFALL/multiview_a05_v01_s02_e02.mp4,NoFALL,multiview,MV_s02,v01
videos/NoFALL/multiview_a05_v01_s02_e03.mp4,NoFALL,multiview,MV_s02,v01
videos/NoFALL/multiview_a05_v01_s02_e04.mp4,NoFALL,multiview,MV_s02,v01
videos/NoFALL/multiview_a05_v01_s03_e00.mp4,NoFALL,multiview,MV_s03,v01
videos/NoFALL/multiview_a05_v01_s03_e01.mp4,NoFALL,multiview,MV_s03,v01
videos/NoFALL/multiview_a05_v01_s03_e02.mp4,NoFALL,multiview,MV_s03,v01
videos/NoFALL/multiview_a05_v01_s03_e03.mp4,NoFALL,multiview,MV_s03,v01
videos/NoFALL/multiview_a05_v01_s03_e04.mp4,NoFALL,multiview,MV_s03,v01
videos/NoFALL/multiview_a05_v01_s04_e00.mp4,NoFALL,multiview,MV_s04,v01
videos/NoFALL/multiview_a05_v01_s04_e01.mp4,NoFALL,multiview,MV_s04,v01
videos/NoFALL/multiview_a05_v01_s04_e02.mp4,NoFALL,multiview,MV_s04,v01
videos/NoFALL/multiview_a05_v01_s04_e03.mp4,NoFALL,multiview,MV_s04,v01
videos/NoFALL/multiview_a05_v01_s04_e04.mp4,NoFALL,multiview,MV_s04,v01
videos/NoFALL/multiview_a05_v01_s05_e00.mp4,NoFALL,multiview,MV_s05,v01
videos/NoFALL/multiview_a05_v01_s05_e01.mp4,NoFALL,multiview,MV_s05,v01
videos/NoFALL/multiview_a05_v01_s05_e02.mp4,NoFALL,multiview,MV_s05,v01
videos/NoFALL/multiview_a05_v01_s05_e03.mp4,NoFALL,multiview,MV_s05,v01
videos/NoFALL/multiview_a05_v01_s05_e04.mp4,NoFALL,multiview,MV_s05,v01
videos/NoFALL/multiview_a05_v01_s06_e00.mp4,NoFALL,multiview,MV_s06,v01
videos/NoFALL/multiview_a05_v01_s06_e01.mp4,NoFALL,multiview,MV_s06,v01
videos/NoFALL/multiview_a05_v01_s06_e02.mp4,NoFALL,multiview,MV_s06,v01
videos/NoFALL/multiview_a05_v01_s06_e03.mp4,NoFALL,multiview,MV_s06,v01
videos/NoFALL/multiview_a05_v01_s07_e01.mp4,NoFALL,multiview,MV_s07,v01
videos/NoFALL/multiview_a05_v01_s07_e02.mp4,NoFALL,multiview,MV_s07,v01
videos/NoFALL/multiview_a05_v01_s07_e03.mp4,NoFALL,multiview,MV_s07,v01
videos/NoFALL/multiview_a05_v01_s07_e04.mp4,NoFALL,multiview,MV_s07,v01
videos/NoFALL/multiview_a05_v01_s08_e00.mp4,NoFALL,multiview,MV_s08,v01
videos/NoFALL/multiview_a05_v01_s08_e01.mp4,NoFALL,multiview,MV_s08,v01
videos/NoFALL/multiview_a05_v01_s08_e02.mp4,NoFALL,multiview,MV_s08,v01
videos/NoFALL/multiview_a05_v01_s08_e03.mp4,NoFALL,multiview,MV_s08,v01
videos/NoFALL/multiview_a05_v01_s08_e04.mp4,NoFALL,multiview,MV_s08,v01
videos/NoFALL/multiview_a05_v01_s08_e05.mp4,NoFALL,multiview,MV_s08,v01
videos/NoFALL/multiview_a05_v01_s09_e00.mp4,NoFALL,multiview,MV_s09,v01
videos/NoFALL/multiview_a05_v01_s09_e01.mp4,NoFALL,multiview,MV_s09,v01
videos/NoFALL/multiview_a05_v01_s09_e02.mp4,NoFALL,multiview,MV_s09,v01
videos/NoFALL/multiview_a05_v01_s09_e03.mp4,NoFALL,multiview,MV_s09,v01
videos/NoFALL/multiview_a05_v01_s09_e04.mp4,NoFALL,multiview,MV_s09,v01
videos/NoFALL/multiview_a05_v01_s10_e00.mp4,NoFALL,multiview,MV_s10,v01
videos/NoFALL/multiview_a05_v01_s10_e01.mp4,NoFALL,multiview,MV_s10,v01
videos/NoFALL/multiview_a05_v01_s10_e02.mp4,NoFALL,multiview,MV_s10,v01
videos/NoFALL/multiview_a05_v01_s10_e03.mp4,NoFALL,multiview,MV_s10,v01
videos/NoFALL/multiview_a05_v01_s10_e04.mp4,NoFALL,multiview,MV_s10,v01
videos/NoFALL/multiview_a05_v01_s10_e05.mp4,NoFALL,multiview,MV_s10,v01
videos/NoFALL/multiview_a05_v02_s01_e00.mp4,NoFALL,multiview,MV_s01,v02
videos/NoFALL/multiview_a05_v02_s01_e01.mp4,NoFALL,multiview,MV_s01,v02
videos/NoFALL/multiview_a05_v02_s01_e02.mp4,NoFALL,multiview,MV_s01,v02
videos/NoFALL/multiview_a05_v02_s01_e03.mp4,NoFALL,multiview,MV_s01,v02
videos/NoFALL/multiview_a05_v02_s01_e04.mp4,NoFALL,multiview,MV_s01,v02
videos/NoFALL/multiview_a05_v02_s02_e00.mp4,NoFALL,multiview,MV_s02,v02
videos/NoFALL/multiview_a05_v02_s02_e01.mp4,NoFALL,multiview,MV_s02,v02
videos/NoFALL/multiview_a05_v02_s02_e02.mp4,NoFALL,multiview,MV_s02,v02
videos/NoFALL/multiview_a05_v02_s02_e03.mp4,NoFALL,multiview,MV_s02,v02
videos/NoFALL/multiview_a05_v02_s02_e04.mp4,NoFALL,multiview,MV_s02,v02
videos/NoFALL/multiview_a05_v02_s03_e00.mp4,NoFALL,multiview,MV_s03,v02
videos/NoFALL/multiview_a05_v02_s03_e01.mp4,NoFALL,multiview,MV_s03,v02
videos/NoFALL/multiview_a05_v02_s03_e02.mp4,NoFALL,multiview,MV_s03,v02
videos/NoFALL/multiview_a05_v02_s03_e03.mp4,NoFALL,multiview,MV_s03,v02
videos/NoFALL/multiview_a05_v02_s03_e04.mp4,NoFALL,multiview,MV_s03,v02
videos/NoFALL/multiview_a05_v02_s04_e00.mp4,NoFALL,multiview,MV_s04,v02
videos/NoFALL/multiview_a05_v02_s04_e01.mp4,NoFALL,multiview,MV_s04,v02
videos/NoFALL/multiview_a05_v02_s04_e02.mp4,NoFALL,multiview,MV_s04,v02
videos/NoFALL/multiview_a05_v02_s04_e03.mp4,NoFALL,multiview,MV_s04,v02
videos/NoFALL/multiview_a05_v02_s04_e04.mp4,NoFALL,multiview,MV_s04,v02
videos/NoFALL/multiview_a05_v02_s04_e05.mp4,NoFALL,multiview,MV_s04,v02
videos/NoFALL/multiview_a05_v02_s05_e00.mp4,NoFALL,multiview,MV_s05,v02
videos/NoFALL/multiview_a05_v02_s05_e01.mp4,NoFALL,multiview,MV_s05,v02
videos/NoFALL/multiview_a05_v02_s05_e02.mp4,NoFALL,multiview,MV_s05,v02
videos/NoFALL/multiview_a05_v02_s05_e03.mp4,NoFALL,multiview,MV_s05,v02
videos/NoFALL/multiview_a05_v02_s05_e04.mp4,NoFALL,multiview,MV_s05,v02
videos/NoFALL/multiview_a05_v02_s06_e00.mp4,NoFALL,multiview,MV_s06,v02
videos/NoFALL/multiview_a05_v02_s06_e01.mp4,NoFALL,multiview,MV_s06,v02
videos/NoFALL/multiview_a05_v02_s06_e02.mp4,NoFALL,multiview,MV_s06,v02
videos/NoFALL/multiview_a05_v02_s06_e03.mp4,NoFALL,multiview,MV_s06,v02
videos/NoFALL/multiview_a05_v02_s06_e04.mp4,NoFALL,multiview,MV_s06,v02
videos/NoFALL/multiview_a05_v02_s07_e00.mp4,NoFALL,multiview,MV_s07,v02
videos/NoFALL/multiview_a05_v02_s07_e01.mp4,NoFALL,multiview,MV_s07,v02
videos/NoFALL/multiview_a05_v02_s07_e02.mp4,NoFALL,multiview,MV_s07,v02
videos/NoFALL/multiview_a05_v02_s07_e03.mp4,NoFALL,multiview,MV_s07,v02
videos/NoFALL/multiview_a05_v02_s07_e04.mp4,NoFALL,multiview,MV_s07,v02
videos/NoFALL/multiview_a05_v02_s08_e00.mp4,NoFALL,multiview,MV_s08,v02
videos/NoFALL/multiview_a05_v02_s08_e01.mp4,NoFALL,multiview,MV_s08,v02
videos/NoFALL/multiview_a05_v02_s08_e02.mp4,NoFALL,multiview,MV_s08,v02
videos/NoFALL/multiview_a05_v02_s08_e03.mp4,NoFALL,multiview,MV_s08,v02
videos/NoFALL/multiview_a05_v02_s08_e04.mp4,NoFALL,multiview,MV_s08,v02
videos/NoFALL/multiview_a05_v02_s09_e00.mp4,NoFALL,multiview,MV_s09,v02
videos/NoFALL/multiview_a05_v02_s09_e01.mp4,NoFALL,multiview,MV_s09,v02
videos/NoFALL/multiview_a05_v02_s09_e02.mp4,NoFALL,multiview,MV_s09,v02
videos/NoFALL/multiview_a05_v02_s09_e03.mp4,NoFALL,multiview,MV_s09,v02
videos/NoFALL/multiview_a05_v02_s09_e04.mp4,NoFALL,multiview,MV_s09,v02
videos/NoFALL/multiview_a05_v02_s10_e00.mp4,NoFALL,multiview,MV_s10,v02
videos/NoFALL/multiview_a05_v02_s10_e01.mp4,NoFALL,multiview,MV_s10,v02
videos/NoFALL/multiview_a05_v02_s10_e02.mp4,NoFALL,multiview,MV_s10,v02
videos/NoFALL/multiview_a05_v02_s10_e03.mp4,NoFALL,multiview,MV_s10,v02
videos/NoFALL/multiview_a05_v02_s10_e04.mp4,NoFALL,multiview,MV_s10,v02
videos/NoFALL/multiview_a06_v01_s01_e00.mp4,NoFALL,multiview,MV_s01,v01
videos/NoFALL/multiview_a06_v01_s01_e01.mp4,NoFALL,multiview,MV_s01,v01
videos/NoFALL/multiview_a06_v01_s01_e02.mp4,NoFALL,multiview,MV_s01,v01
videos/NoFALL/multiview_a06_v01_s01_e03.mp4,NoFALL,multiview,MV_s01,v01
videos/NoFALL/multiview_a06_v01_s01_e04.mp4,NoFALL,multiview,MV_s01,v01
videos/NoFALL/multiview_a06_v01_s02_e00.mp4,NoFALL,multiview,MV_s02,v01
videos/NoFALL/multiview_a06_v01_s02_e01.mp4,NoFALL,multiview,MV_s02,v01
videos/NoFALL/multiview_a06_v01_s02_e02.mp4,NoFALL,multiview,MV_s02,v01
videos/NoFALL/multiview_a06_v01_s02_e03.mp4,NoFALL,multiview,MV_s02,v01
videos/NoFALL/multiview_a06_v01_s02_e04.mp4,NoFALL,multiview,MV_s02,v01
videos/NoFALL/multiview_a06_v01_s03_e00.mp4,NoFALL,multiview,MV_s03,v01
videos/NoFALL/multiview_a06_v01_s03_e01.mp4,NoFALL,multiview,MV_s03,v01
videos/NoFALL/multiview_a06_v01_s03_e02.mp4,NoFALL,multiview,MV_s03,v01
videos/NoFALL/multiview_a06_v01_s03_e03.mp4,NoFALL,multiview,MV_s03,v01
videos/NoFALL/multiview_a06_v01_s03_e04.mp4,NoFALL,multiview,MV_s03,v01
videos/NoFALL/multiview_a06_v01_s04_e00.mp4,NoFALL,multiview,MV_s04,v01
videos/NoFALL/multiview_a06_v01_s04_e01.mp4,NoFALL,multiview,MV_s04,v01
videos/NoFALL/multiview_a06_v01_s04_e02.mp4,NoFALL,multiview,MV_s04,v01
videos/NoFALL/multiview_a06_v01_s04_e03.mp4,NoFALL,multiview,MV_s04,v01
videos/NoFALL/multiview_a06_v01_s04_e04.mp4,NoFALL,multiview,MV_s04,v01
videos/NoFALL/multiview_a06_v01_s05_e00.mp4,NoFALL,multiview,MV_s05,v01
videos/NoFALL/multiview_a06_v01_s05_e01.mp4,NoFALL,multiview,MV_s05,v01
videos/NoFALL/multiview_a06_v01_s05_e02.mp4,NoFALL,multiview,MV_s05,v01
videos/NoFALL/multiview_a06_v01_s05_e03.mp4,NoFALL,multiview,MV_s05,v01
videos/NoFALL/multiview_a06_v01_s05_e04.mp4,NoFALL,multiview,MV_s05,v01
videos/NoFALL/multiview_a06_v01_s06_e00.mp4,NoFALL,multiview,MV_s06,v01
videos/NoFALL/multiview_a06_v01_s06_e01.mp4,NoFALL,multiview,MV_s06,v01
videos/NoFALL/multiview_a06_v01_s06_e02.mp4,NoFALL,multiview,MV_s06,v01
videos/NoFALL/multiview_a06_v01_s06_e03.mp4,NoFALL,multiview,MV_s06,v01
videos/NoFALL/multiview_a06_v01_s06_e04.mp4,NoFALL,multiview,MV_s06,v01
videos/NoFALL/multiview_a06_v01_s07_e00.mp4,NoFALL,multiview,MV_s07,v01
videos/NoFALL/multiview_a06_v01_s07_e01.mp4,NoFALL,multiview,MV_s07,v01
videos/NoFALL/multiview_a06_v01_s07_e02.mp4,NoFALL,multiview,MV_s07,v01
videos/NoFALL/multiview_a06_v01_s07_e03.mp4,NoFALL,multiview,MV_s07,v01
videos/NoFALL/multiview_a06_v01_s07_e04.mp4,NoFALL,multiview,MV_s07,v01
videos/NoFALL/multiview_a06_v01_s08_e00.mp4,NoFALL,multiview,MV_s08,v01
videos/NoFALL/multiview_a06_v01_s08_e01.mp4,NoFALL,multiview,MV_s08,v01
videos/NoFALL/multiview_a06_v01_s08_e02.mp4,NoFALL,multiview,MV_s08,v01
videos/NoFALL/multiview_a06_v01_s08_e03.mp4,NoFALL,multiview,MV_s08,v01
videos/NoFALL/multiview_a06_v01_s08_e04.mp4,NoFALL,multiview,MV_s08,v01
videos/NoFALL/multiview_a06_v01_s08_e05.mp4,NoFALL,multiview,MV_s08,v01
videos/NoFALL/multiview_a06_v01_s09_e00.mp4,NoFALL,multiview,MV_s09,v01
videos/NoFALL/multiview_a06_v01_s09_e01.mp4,NoFALL,multiview,MV_s09,v01
videos/NoFALL/multiview_a06_v01_s09_e02.mp4,NoFALL,multiview,MV_s09,v01
videos/NoFALL/multiview_a06_v01_s09_e03.mp4,NoFALL,multiview,MV_s09,v01
videos/NoFALL/multiview_a06_v01_s09_e04.mp4,NoFALL,multiview,MV_s09,v01
videos/NoFALL/multiview_a06_v01_s10_e00.mp4,NoFALL,multiview,MV_s10,v01
videos/NoFALL/multiview_a06_v01_s10_e01.mp4,NoFALL,multiview,MV_s10,v01
videos/NoFALL/multiview_a06_v01_s10_e02.mp4,NoFALL,multiview,MV_s10,v01
videos/NoFALL/multiview_a06_v01_s10_e03.mp4,NoFALL,multiview,MV_s10,v01
videos/NoFALL/multiview_a06_v01_s10_e04.mp4,NoFALL,multiview,MV_s10,v01
videos/NoFALL/multiview_a06_v01_s10_e05.mp4,NoFALL,multiview,MV_s10,v01
videos/NoFALL/multiview_a06_v02_s01_e00.mp4,NoFALL,multiview,MV_s01,v02
videos/NoFALL/multiview_a06_v02_s01_e01.mp4,NoFALL,multiview,MV_s01,v02
videos/NoFALL/multiview_a06_v02_s01_e02.mp4,NoFALL,multiview,MV_s01,v02
videos/NoFALL/multiview_a06_v02_s01_e03.mp4,NoFALL,multiview,MV_s01,v02
videos/NoFALL/multiview_a06_v02_s01_e04.mp4,NoFALL,multiview,MV_s01,v02
videos/NoFALL/multiview_a06_v02_s02_e00.mp4,NoFALL,multiview,MV_s02,v02
videos/NoFALL/multiview_a06_v02_s02_e01.mp4,NoFALL,multiview,MV_s02,v02
videos/NoFALL/multiview_a06_v02_s02_e02.mp4,NoFALL,multiview,MV_s02,v02
videos/NoFALL/multiview_a06_v02_s02_e03.mp4,NoFALL,multiview,MV_s02,v02
videos/NoFALL/multiview_a06_v02_s02_e04.mp4,NoFALL,multiview,MV_s02,v02
videos/NoFALL/multiview_a06_v02_s03_e00.mp4,NoFALL,multiview,MV_s03,v02
videos/NoFALL/multiview_a06_v02_s03_e01.mp4,NoFALL,multiview,MV_s03,v02
videos/NoFALL/multiview_a06_v02_s03_e02.mp4,NoFALL,multiview,MV_s03,v02
videos/NoFALL/multiview_a06_v02_s03_e03.mp4,NoFALL,multiview,MV_s03,v02
videos/NoFALL/multiview_a06_v02_s03_e04.mp4,NoFALL,multiview,MV_s03,v02
videos/NoFALL/multiview_a06_v02_s04_e00.mp4,NoFALL,multiview,MV_s04,v02
videos/NoFALL/multiview_a06_v02_s04_e01.mp4,NoFALL,multiview,MV_s04,v02
videos/NoFALL/multiview_a06_v02_s04_e02.mp4,NoFALL,multiview,MV_s04,v02
videos/NoFALL/multiview_a06_v02_s04_e03.mp4,NoFALL,multiview,MV_s04,v02
videos/NoFALL/multiview_a06_v02_s04_e04.mp4,NoFALL,multiview,MV_s04,v02
videos/NoFALL/multiview_a06_v02_s05_e00.mp4,NoFALL,multiview,MV_s05,v02
videos/NoFALL/multiview_a06_v02_s05_e01.mp4,NoFALL,multiview,MV_s05,v02
videos/NoFALL/multiview_a06_v02_s05_e02.mp4,NoFALL,multiview,MV_s05,v02
videos/NoFALL/multiview_a06_v02_s05_e03.mp4,NoFALL,multiview,MV_s05,v02
videos/NoFALL/multiview_a06_v02_s05_e04.mp4,NoFALL,multiview,MV_s05,v02
videos/NoFALL/multiview_a06_v02_s06_e00.mp4,NoFALL,multiview,MV_s06,v02
videos/NoFALL/multiview_a06_v02_s06_e01.mp4,NoFALL,multiview,MV_s06,v02
videos/NoFALL/multiview_a06_v02_s06_e02.mp4,NoFALL,multiview,MV_s06,v02
videos/NoFALL/multiview_a06_v02_s06_e03.mp4,NoFALL,multiview,MV_s06,v02
videos/NoFALL/multiview_a06_v02_s06_e04.mp4,NoFALL,multiview,MV_s06,v02
videos/NoFALL/multiview_a06_v02_s07_e00.mp4,NoFALL,multiview,MV_s07,v02
videos/NoFALL/multiview_a06_v02_s07_e01.mp4,NoFALL,multiview,MV_s07,v02
videos/NoFALL/multiview_a06_v02_s07_e02.mp4,NoFALL,multiview,MV_s07,v02
videos/NoFALL/multiview_a06_v02_s07_e03.mp4,NoFALL,multiview,MV_s07,v02
videos/NoFALL/multiview_a06_v02_s07_e04.mp4,NoFALL,multiview,MV_s07,v02
videos/NoFALL/multiview_a06_v02_s08_e00.mp4,NoFALL,multiview,MV_s08,v02
videos/NoFALL/multiview_a06_v02_s08_e01.mp4,NoFALL,multiview,MV_s08,v02
videos/NoFALL/multiview_a06_v02_s08_e02.mp4,NoFALL,multiview,MV_s08,v02
videos/NoFALL/multiview_a06_v02_s08_e03.mp4,NoFALL,multiview,MV_s08,v02
videos/NoFALL/multiview_a06_v02_s08_e04.mp4,NoFALL,multiview,MV_s08,v02
videos/NoFALL/multiview_a06_v02_s09_e00.mp4,NoFALL,multiview,MV_s09,v02
videos/NoFALL/multiview_a06_v02_s09_e01.mp4,NoFALL,multiview,MV_s09,v02
videos/NoFALL/multiview_a06_v02_s09_e02.mp4,NoFALL,multiview,MV_s09,v02
videos/NoFALL/multiview_a06_v02_s09_e03.mp4,NoFALL,multiview,MV_s09,v02
videos/NoFALL/multiview_a06_v02_s09_e04.mp4,NoFALL,multiview,MV_s09,v02
videos/NoFALL/multiview_a06_v02_s10_e00.mp4,NoFALL,multiview,MV_s10,v02
videos/NoFALL/multiview_a06_v02_s10_e01.mp4,NoFALL,multiview,MV_s10,v02
videos/NoFALL/multiview_a06_v02_s10_e02.mp4,NoFALL,multiview,MV_s10,v02
videos/NoFALL/multiview_a06_v02_s10_e03.mp4,NoFALL,multiview,MV_s10,v02
videos/NoFALL/multiview_a06_v02_s10_e04.mp4,NoFALL,multiview,MV_s10,v02
videos/NoFALL/multiview_a08_v01_s01_e00.mp4,NoFALL,multiview,MV_s01,v01
videos/NoFALL/multiview_a08_v01_s01_e01.mp4,NoFALL,multiview,MV_s01,v01
videos/NoFALL/multiview_a08_v01_s01_e02.mp4,NoFALL,multiview,MV_s01,v01
videos/NoFALL/multiview_a08_v01_s01_e03.mp4,NoFALL,multiview,MV_s01,v01
videos/NoFALL/multiview_a08_v01_s01_e04.mp4,NoFALL,multiview,MV_s01,v01
videos/NoFALL/multiview_a08_v01_s02_e00.mp4,NoFALL,multiview,MV_s02,v01
videos/NoFALL/multiview_a08_v01_s02_e01.mp4,NoFALL,multiview,MV_s02,v01
videos/NoFALL/multiview_a08_v01_s02_e02.mp4,NoFALL,multiview,MV_s02,v01
videos/NoFALL/multiview_a08_v01_s02_e03.mp4,NoFALL,multiview,MV_s02,v01
videos/NoFALL/multiview_a08_v01_s02_e04.mp4,NoFALL,multiview,MV_s02,v01
videos/NoFALL/multiview_a08_v01_s03_e00.mp4,NoFALL,multiview,MV_s03,v01
videos/NoFALL/multiview_a08_v01_s03_e01.mp4,NoFALL,multiview,MV_s03,v01
videos/NoFALL/multiview_a08_v01_s03_e02.mp4,NoFALL,multiview,MV_s03,v01
videos/NoFALL/multiview_a08_v01_s03_e03.mp4,NoFALL,multiview,MV_s03,v01
videos/NoFALL/multiview_a08_v01_s03_e04.mp4,NoFALL,multiview,MV_s03,v01
videos/NoFALL/multiview_a08_v01_s04_e00.mp4,NoFALL,multiview,MV_s04,v01
videos/NoFALL/multiview_a08_v01_s04_e01.mp4,NoFALL,multiview,MV_s04,v01
videos/NoFALL/multiview_a08_v01_s04_e02.mp4,NoFALL,multiview,MV_s04,v01
videos/NoFALL/multiview_a08_v01_s04_e03.mp4,NoFALL,multiview,MV_s04,v01
videos/NoFALL/multiview_a08_v01_s04_e04.mp4,NoFALL,multiview,MV_s04,v01
videos/NoFALL/multiview_a08_v01_s05_e00.mp4,NoFALL,multiview,MV_s05,v01
videos/NoFALL/multiview_a08_v01_s05_e01.mp4,NoFALL,multiview,MV_s05,v01
videos/NoFALL/multiview_a08_v01_s05_e02.mp4,NoFALL,multiview,MV_s05,v01
videos/NoFALL/multiview_a08_v01_s05_e03.mp4,NoFALL,multiview,MV_s05,v01
videos/NoFALL/multiview_a08_v01_s05_e04.mp4,NoFALL,multiview,MV_s05,v01
videos/NoFALL/multiview_a08_v01_s05_e05.mp4,NoFALL,multiview,MV_s05,v01
videos/NoFALL/multiview_a08_v01_s06_e00.mp4,NoFALL,multiview,MV_s06,v01
videos/NoFALL/multiview_a08_v01_s06_e01.mp4,NoFALL,multiview,MV_s06,v01
videos/NoFALL/multiview_a08_v01_s06_e02.mp4,NoFALL,multiview,MV_s06,v01
videos/NoFALL/multiview_a08_v01_s06_e03.mp4,NoFALL,multiview,MV_s06,v01
videos/NoFALL/multiview_a08_v01_s07_e00.mp4,NoFALL,multiview,MV_s07,v01
videos/NoFALL/multiview_a08_v01_s07_e01.mp4,NoFALL,multiview,MV_s07,v01
videos/NoFALL/multiview_a08_v01_s07_e02.mp4,NoFALL,multiview,MV_s07,v01
videos/NoFALL/multiview_a08_v01_s07_e03.mp4,NoFALL,multiview,MV_s07,v01
videos/NoFALL/multiview_a08_v01_s08_e00.mp4,NoFALL,multiview,MV_s08,v01
videos/NoFALL/multiview_a08_v01_s08_e01.mp4,NoFALL,multiview,MV_s08,v01
videos/NoFALL/multiview_a08_v01_s08_e02.mp4,NoFALL,multiview,MV_s08,v01
videos/NoFALL/multiview_a08_v01_s08_e03.mp4,NoFALL,multiview,MV_s08,v01
videos/NoFALL/multiview_a08_v01_s08_e04.mp4,NoFALL,multiview,MV_s08,v01
videos/NoFALL/multiview_a08_v01_s09_e00.mp4,NoFALL,multiview,MV_s09,v01
videos/NoFALL/multiview_a08_v01_s09_e01.mp4,NoFALL,multiview,MV_s09,v01
videos/NoFALL/multiview_a08_v01_s09_e02.mp4,NoFALL,multiview,MV_s09,v01
videos/NoFALL/multiview_a08_v01_s09_e03.mp4,NoFALL,multiview,MV_s09,v01
videos/NoFALL/multiview_a08_v01_s09_e04.mp4,NoFALL,multiview,MV_s09,v01
videos/NoFALL/multiview_a08_v01_s10_e00.mp4,NoFALL,multiview,MV_s10,v01
videos/NoFALL/multiview_a08_v01_s10_e01.mp4,NoFALL,multiview,MV_s10,v01
videos/NoFALL/multiview_a08_v01_s10_e02.mp4,NoFALL,multiview,MV_s10,v01
videos/NoFALL/multiview_a08_v01_s10_e03.mp4,NoFALL,multiview,MV_s10,v01
videos/NoFALL/multiview_a08_v01_s10_e04.mp4,NoFALL,multiview,MV_s10,v01
videos/NoFALL/multiview_a08_v02_s01_e00.mp4,NoFALL,multiview,MV_s01,v02
videos/NoFALL/multiview_a08_v02_s01_e01.mp4,NoFALL,multiview,MV_s01,v02
videos/NoFALL/multiview_a08_v02_s01_e02.mp4,NoFALL,multiview,MV_s01,v02
videos/NoFALL/multiview_a08_v02_s01_e03.mp4,NoFALL,multiview,MV_s01,v02
videos/NoFALL/multiview_a08_v02_s01_e04.mp4,NoFALL,multiview,MV_s01,v02
videos/NoFALL/multiview_a08_v02_s02_e00.mp4,NoFALL,multiview,MV_s02,v02
videos/NoFALL/multiview_a08_v02_s02_e01.mp4,NoFALL,multiview,MV_s02,v02
videos/NoFALL/multiview_a08_v02_s02_e02.mp4,NoFALL,multiview,MV_s02,v02
videos/NoFALL/multiview_a08_v02_s02_e03.mp4,NoFALL,multiview,MV_s02,v02
videos/NoFALL/multiview_a08_v02_s02_e04.mp4,NoFALL,multiview,MV_s02,v02
videos/NoFALL/multiview_a08_v02_s03_e00.mp4,NoFALL,multiview,MV_s03,v02
videos/NoFALL/multiview_a08_v02_s03_e01.mp4,NoFALL,multiview,MV_s03,v02
videos/NoFALL/multiview_a08_v02_s03_e02.mp4,NoFALL,multiview,MV_s03,v02
videos/NoFALL/multiview_a08_v02_s03_e03.mp4,NoFALL,multiview,MV_s03,v02
videos/NoFALL/multiview_a08_v02_s03_e04.mp4,NoFALL,multiview,MV_s03,v02
videos/NoFALL/multiview_a08_v02_s04_e00.mp4,NoFALL,multiview,MV_s04,v02
videos/NoFALL/multiview_a08_v02_s04_e01.mp4,NoFALL,multiview,MV_s04,v02
videos/NoFALL/multiview_a08_v02_s04_e02.mp4,NoFALL,multiview,MV_s04,v02
videos/NoFALL/multiview_a08_v02_s04_e03.mp4,NoFALL,multiview,MV_s04,v02
videos/NoFALL/multiview_a08_v02_s04_e04.mp4,NoFALL,multiview,MV_s04,v02
videos/NoFALL/multiview_a08_v02_s05_e00.mp4,NoFALL,multiview,MV_s05,v02
videos/NoFALL/multiview_a08_v02_s05_e01.mp4,NoFALL,multiview,MV_s05,v02
videos/NoFALL/multiview_a08_v02_s05_e02.mp4,NoFALL,multiview,MV_s05,v02
videos/NoFALL/multiview_a08_v02_s05_e03.mp4,NoFALL,multiview,MV_s05,v02
videos/NoFALL/multiview_a08_v02_s05_e04.mp4,NoFALL,multiview,MV_s05,v02
videos/NoFALL/multiview_a08_v02_s05_e05.mp4,NoFALL,multiview,MV_s05,v02
videos/NoFALL/multiview_a08_v02_s05_e06.mp4,NoFALL,multiview,MV_s05,v02
videos/NoFALL/multiview_a08_v02_s06_e00.mp4,NoFALL,multiview,MV_s06,v02
videos/NoFALL/multiview_a08_v02_s06_e01.mp4,NoFALL,multiview,MV_s06,v02
videos/NoFALL/multiview_a08_v02_s06_e02.mp4,NoFALL,multiview,MV_s06,v02
videos/NoFALL/multiview_a08_v02_s06_e03.mp4,NoFALL,multiview,MV_s06,v02
videos/NoFALL/multiview_a08_v02_s07_e00.mp4,NoFALL,multiview,MV_s07,v02
videos/NoFALL/multiview_a08_v02_s07_e01.mp4,NoFALL,multiview,MV_s07,v02
videos/NoFALL/multiview_a08_v02_s07_e02.mp4,NoFALL,multiview,MV_s07,v02
videos/NoFALL/multiview_a08_v02_s07_e03.mp4,NoFALL,multiview,MV_s07,v02
videos/NoFALL/multiview_a08_v02_s08_e00.mp4,NoFALL,multiview,MV_s08,v02
videos/NoFALL/multiview_a08_v02_s08_e01.mp4,NoFALL,multiview,MV_s08,v02
videos/NoFALL/multiview_a08_v02_s08_e02.mp4,NoFALL,multiview,MV_s08,v02
videos/NoFALL/multiview_a08_v02_s08_e03.mp4,NoFALL,multiview,MV_s08,v02
videos/NoFALL/multiview_a08_v02_s08_e04.mp4,NoFALL,multiview,MV_s08,v02
videos/NoFALL/multiview_a08_v02_s09_e00.mp4,NoFALL,multiview,MV_s09,v02
videos/NoFALL/multiview_a08_v02_s09_e01.mp4,NoFALL,multiview,MV_s09,v02
videos/NoFALL/multiview_a08_v02_s09_e02.mp4,NoFALL,multiview,MV_s09,v02
videos/NoFALL/multiview_a08_v02_s09_e03.mp4,NoFALL,multiview,MV_s09,v02
videos/NoFALL/multiview_a08_v02_s09_e04.mp4,NoFALL,multiview,MV_s09,v02
videos/NoFALL/multiview_a08_v02_s10_e00.mp4,NoFALL,multiview,MV_s10,v02
videos/NoFALL/multiview_a08_v02_s10_e01.mp4,NoFALL,multiview,MV_s10,v02
videos/NoFALL/multiview_a08_v02_s10_e02.mp4,NoFALL,multiview,MV_s10,v02
videos/NoFALL/multiview_a08_v02_s10_e03.mp4,NoFALL,multiview,MV_s10,v02
videos/NoFALL/multiview_a08_v02_s10_e04.mp4,NoFALL,multiview,MV_s10,v02
videos/NoFALL/multiview_a09_v01_s01_e00.mp4,NoFALL,multiview,MV_s01,v01
videos/NoFALL/multiview_a09_v01_s01_e01.mp4,NoFALL,multiview,MV_s01,v01
videos/NoFALL/multiview_a09_v01_s01_e02.mp4,NoFALL,multiview,MV_s01,v01
videos/NoFALL/multiview_a09_v01_s01_e03.mp4,NoFALL,multiview,MV_s01,v01
videos/NoFALL/multiview_a09_v01_s01_e04.mp4,NoFALL,multiview,MV_s01,v01
videos/NoFALL/multiview_a09_v01_s02_e00.mp4,NoFALL,multiview,MV_s02,v01
videos/NoFALL/multiview_a09_v01_s02_e01.mp4,NoFALL,multiview,MV_s02,v01
videos/NoFALL/multiview_a09_v01_s02_e02.mp4,NoFALL,multiview,MV_s02,v01
videos/NoFALL/multiview_a09_v01_s02_e03.mp4,NoFALL,multiview,MV_s02,v01
videos/NoFALL/multiview_a09_v01_s02_e04.mp4,NoFALL,multiview,MV_s02,v01
videos/NoFALL/multiview_a09_v01_s03_e00.mp4,NoFALL,multiview,MV_s03,v01
videos/NoFALL/multiview_a09_v01_s03_e01.mp4,NoFALL,multiview,MV_s03,v01
videos/NoFALL/multiview_a09_v01_s03_e02.mp4,NoFALL,multiview,MV_s03,v01
videos/NoFALL/multiview_a09_v01_s03_e03.mp4,NoFALL,multiview,MV_s03,v01
videos/NoFALL/multiview_a09_v01_s03_e04.mp4,NoFALL,multiview,MV_s03,v01
videos/NoFALL/multiview_a09_v01_s04_e00.mp4,NoFALL,multiview,MV_s04,v01
videos/NoFALL/multiview_a09_v01_s04_e01.mp4,NoFALL,multiview,MV_s04,v01
videos/NoFALL/multiview_a09_v01_s04_e02.mp4,NoFALL,multiview,MV_s04,v01
videos/NoFALL/multiview_a09_v01_s04_e03.mp4,NoFALL,multiview,MV_s04,v01
videos/NoFALL/multiview_a09_v01_s04_e04.mp4,NoFALL,multiview,MV_s04,v01
videos/NoFALL/multiview_a09_v01_s05_e00.mp4,NoFALL,multiview,MV_s05,v01
videos/NoFALL/multiview_a09_v01_s05_e01.mp4,NoFALL,multiview,MV_s05,v01
videos/NoFALL/multiview_a09_v01_s05_e02.mp4,NoFALL,multiview,MV_s05,v01
videos/NoFALL/multiview_a09_v01_s05_e03.mp4,NoFALL,multiview,MV_s05,v01
videos/NoFALL/multiview_a09_v01_s05_e04.mp4,NoFALL,multiview,MV_s05,v01
videos/NoFALL/multiview_a09_v01_s05_e05.mp4,NoFALL,multiview,MV_s05,v01
videos/NoFALL/multiview_a09_v01_s05_e06.mp4,NoFALL,multiview,MV_s05,v01
videos/NoFALL/multiview_a09_v01_s06_e00.mp4,NoFALL,multiview,MV_s06,v01
videos/NoFALL/multiview_a09_v01_s06_e01.mp4,NoFALL,multiview,MV_s06,v01
videos/NoFALL/multiview_a09_v01_s06_e02.mp4,NoFALL,multiview,MV_s06,v01
videos/NoFALL/multiview_a09_v01_s06_e03.mp4,NoFALL,multiview,MV_s06,v01
videos/NoFALL/multiview_a09_v01_s07_e00.mp4,NoFALL,multiview,MV_s07,v01
videos/NoFALL/multiview_a09_v01_s07_e01.mp4,NoFALL,multiview,MV_s07,v01
videos/NoFALL/multiview_a09_v01_s07_e02.mp4,NoFALL,multiview,MV_s07,v01
videos/NoFALL/multiview_a09_v01_s07_e03.mp4,NoFALL,multiview,MV_s07,v01
videos/NoFALL/multiview_a09_v01_s08_e00.mp4,NoFALL,multiview,MV_s08,v01
videos/NoFALL/multiview_a09_v01_s08_e01.mp4,NoFALL,multiview,MV_s08,v01
videos/NoFALL/multiview_a09_v01_s08_e02.mp4,NoFALL,multiview,MV_s08,v01
videos/NoFALL/multiview_a09_v01_s08_e03.mp4,NoFALL,multiview,MV_s08,v01
videos/NoFALL/multiview_a09_v01_s08_e04.mp4,NoFALL,multiview,MV_s08,v01
videos/NoFALL/multiview_a09_v01_s09_e00.mp4,NoFALL,multiview,MV_s09,v01
videos/NoFALL/multiview_a09_v01_s09_e01.mp4,NoFALL,multiview,MV_s09,v01
videos/NoFALL/multiview_a09_v01_s09_e02.mp4,NoFALL,multiview,MV_s09,v01
videos/NoFALL/multiview_a09_v01_s09_e03.mp4,NoFALL,multiview,MV_s09,v01
videos/NoFALL/multiview_a09_v01_s09_e04.mp4,NoFALL,multiview,MV_s09,v01
videos/NoFALL/multiview_a09_v01_s10_e00.mp4,NoFALL,multiview,MV_s10,v01
videos/NoFALL/multiview_a09_v01_s10_e01.mp4,NoFALL,multiview,MV_s10,v01
videos/NoFALL/multiview_a09_v01_s10_e02.mp4,NoFALL,multiview,MV_s10,v01
videos/NoFALL/multiview_a09_v01_s10_e03.mp4,NoFALL,multiview,MV_s10,v01
videos/NoFALL/multiview_a09_v01_s10_e04.mp4,NoFALL,multiview,MV_s10,v01
videos/NoFALL/multiview_a09_v02_s01_e00.mp4,NoFALL,multiview,MV_s01,v02
videos/NoFALL/multiview_a09_v02_s01_e01.mp4,NoFALL,multiview,MV_s01,v02
videos/NoFALL/multiview_a09_v02_s01_e02.mp4,NoFALL,multiview,MV_s01,v02
videos/NoFALL/multiview_a09_v02_s01_e03.mp4,NoFALL,multiview,MV_s01,v02
videos/NoFALL/multiview_a09_v02_s01_e04.mp4,NoFALL,multiview,MV_s01,v02
videos/NoFALL/multiview_a09_v02_s02_e00.mp4,NoFALL,multiview,MV_s02,v02
videos/NoFALL/multiview_a09_v02_s02_e01.mp4,NoFALL,multiview,MV_s02,v02
videos/NoFALL/multiview_a09_v02_s02_e02.mp4,NoFALL,multiview,MV_s02,v02
videos/NoFALL/multiview_a09_v02_s02_e03.mp4,NoFALL,multiview,MV_s02,v02
videos/NoFALL/multiview_a09_v02_s02_e04.mp4,NoFALL,multiview,MV_s02,v02
videos/NoFALL/multiview_a09_v02_s03_e00.mp4,NoFALL,multiview,MV_s03,v02
videos/NoFALL/multiview_a09_v02_s03_e01.mp4,NoFALL,multiview,MV_s03,v02
videos/NoFALL/multiview_a09_v02_s03_e02.mp4,NoFALL,multiview,MV_s03,v02
videos/NoFALL/multiview_a09_v02_s03_e03.mp4,NoFALL,multiview,MV_s03,v02
videos/NoFALL/multiview_a09_v02_s03_e04.mp4,NoFALL,multiview,MV_s03,v02
videos/NoFALL/multiview_a09_v02_s04_e00.mp4,NoFALL,multiview,MV_s04,v02
videos/NoFALL/multiview_a09_v02_s04_e01.mp4,NoFALL,multiview,MV_s04,v02
videos/NoFALL/multiview_a09_v02_s04_e02.mp4,NoFALL,multiview,MV_s04,v02
videos/NoFALL/multiview_a09_v02_s04_e03.mp4,NoFALL,multiview,MV_s04,v02
videos/NoFALL/multiview_a09_v02_s04_e04.mp4,NoFALL,multiview,MV_s04,v02
videos/NoFALL/multiview_a09_v02_s05_e00.mp4,NoFALL,multiview,MV_s05,v02
videos/NoFALL/multiview_a09_v02_s05_e01.mp4,NoFALL,multiview,MV_s05,v02
videos/NoFALL/multiview_a09_v02_s05_e02.mp4,NoFALL,multiview,MV_s05,v02
videos/NoFALL/multiview_a09_v02_s05_e03.mp4,NoFALL,multiview,MV_s05,v02
videos/NoFALL/multiview_a09_v02_s05_e04.mp4,NoFALL,multiview,MV_s05,v02
videos/NoFALL/multiview_a09_v02_s05_e05.mp4,NoFALL,multiview,MV_s05,v02
videos/NoFALL/multiview_a09_v02_s06_e00.mp4,NoFALL,multiview,MV_s06,v02
videos/NoFALL/multiview_a09_v02_s06_e01.mp4,NoFALL,multiview,MV_s06,v02
videos/NoFALL/multiview_a09_v02_s06_e02.mp4,NoFALL,multiview,MV_s06,v02
videos/NoFALL/multiview_a09_v02_s06_e03.mp4,NoFALL,multiview,MV_s06,v02
videos/NoFALL/multiview_a09_v02_s07_e00.mp4,NoFALL,multiview,MV_s07,v02
videos/NoFALL/multiview_a09_v02_s07_e01.mp4,NoFALL,multiview,MV_s07,v02
videos/NoFALL/multiview_a09_v02_s07_e02.mp4,NoFALL,multiview,MV_s07,v02
videos/NoFALL/multiview_a09_v02_s07_e03.mp4,NoFALL,multiview,MV_s07,v02
videos/NoFALL/multiview_a09_v02_s08_e00.mp4,NoFALL,multiview,MV_s08,v02
videos/NoFALL/multiview_a09_v02_s08_e01.mp4,NoFALL,multiview,MV_s08,v02
videos/NoFALL/multiview_a09_v02_s08_e02.mp4,NoFALL,multiview,MV_s08,v02
videos/NoFALL/multiview_a09_v02_s08_e03.mp4,NoFALL,multiview,MV_s08,v02
videos/NoFALL/multiview_a09_v02_s08_e04.mp4,NoFALL,multiview,MV_s08,v02
videos/NoFALL/multiview_a09_v02_s09_e00.mp4,NoFALL,multiview,MV_s09,v02
videos/NoFALL/multiview_a09_v02_s09_e01.mp4,NoFALL,multiview,MV_s09,v02
videos/NoFALL/multiview_a09_v02_s09_e02.mp4,NoFALL,multiview,MV_s09,v02
videos/NoFALL/multiview_a09_v02_s09_e03.mp4,NoFALL,multiview,MV_s09,v02
videos/NoFALL/multiview_a09_v02_s09_e04.mp4,NoFALL,multiview,MV_s09,v02
videos/NoFALL/multiview_a09_v02_s10_e00.mp4,NoFALL,multiview,MV_s10,v02
videos/NoFALL/multiview_a09_v02_s10_e01.mp4,NoFALL,multiview,MV_s10,v02
videos/NoFALL/multiview_a09_v02_s10_e02.mp4,NoFALL,multiview,MV_s10,v02
videos/NoFALL/multiview_a09_v02_s10_e03.mp4,NoFALL,multiview,MV_s10,v02
videos/NoFALL/multiview_a09_v02_s10_e04.mp4,NoFALL,multiview,MV_s10,v02
videos/NoFALL/multiview_a11_v01_s01_e00.mp4,NoFALL,multiview,MV_s01,v01
videos/NoFALL/multiview_a11_v01_s01_e01.mp4,NoFALL,multiview,MV_s01,v01
videos/NoFALL/multiview_a11_v01_s01_e02.mp4,NoFALL,multiview,MV_s01,v01
videos/NoFALL/multiview_a11_v01_s01_e03.mp4,NoFALL,multiview,MV_s01,v01
videos/NoFALL/multiview_a11_v01_s01_e04.mp4,NoFALL,multiview,MV_s01,v01
videos/NoFALL/multiview_a11_v01_s02_e00.mp4,NoFALL,multiview,MV_s02,v01
videos/NoFALL/multiview_a11_v01_s02_e01.mp4,NoFALL,multiview,MV_s02,v01
videos/NoFALL/multiview_a11_v01_s02_e02.mp4,NoFALL,multiview,MV_s02,v01
videos/NoFALL/multiview_a11_v01_s02_e03.mp4,NoFALL,multiview,MV_s02,v01
videos/NoFALL/multiview_a11_v01_s02_e04.mp4,NoFALL,multiview,MV_s02,v01
videos/NoFALL/multiview_a11_v01_s03_e00.mp4,NoFALL,multiview,MV_s03,v01
videos/NoFALL/multiview_a11_v01_s03_e01.mp4,NoFALL,multiview,MV_s03,v01
videos/NoFALL/multiview_a11_v01_s03_e02.mp4,NoFALL,multiview,MV_s03,v01
videos/NoFALL/multiview_a11_v01_s03_e03.mp4,NoFALL,multiview,MV_s03,v01
videos/NoFALL/multiview_a11_v01_s03_e04.mp4,NoFALL,multiview,MV_s03,v01
videos/NoFALL/multiview_a11_v01_s04_e00.mp4,NoFALL,multiview,MV_s04,v01
videos/NoFALL/multiview_a11_v01_s04_e01.mp4,NoFALL,multiview,MV_s04,v01
videos/NoFALL/multiview_a11_v01_s04_e02.mp4,NoFALL,multiview,MV_s04,v01
videos/NoFALL/multiview_a11_v01_s04_e03.mp4,NoFALL,multiview,MV_s04,v01
videos/NoFALL/multiview_a11_v01_s04_e04.mp4,NoFALL,multiview,MV_s04,v01
videos/NoFALL/multiview_a11_v01_s05_e00.mp4,NoFALL,multiview,MV_s05,v01
videos/NoFALL/multiview_a11_v01_s05_e01.mp4,NoFALL,multiview,MV_s05,v01
videos/NoFALL/multiview_a11_v01_s05_e02.mp4,NoFALL,multiview,MV_s05,v01
videos/NoFALL/multiview_a11_v01_s05_e03.mp4,NoFALL,multiview,MV_s05,v01
videos/NoFALL/multiview_a11_v01_s05_e04.mp4,NoFALL,multiview,MV_s05,v01
videos/NoFALL/multiview_a11_v01_s06_e00.mp4,NoFALL,multiview,MV_s06,v01
videos/NoFALL/multiview_a11_v01_s06_e01.mp4,NoFALL,multiview,MV_s06,v01
videos/NoFALL/multiview_a11_v01_s06_e02.mp4,NoFALL,multiview,MV_s06,v01
videos/NoFALL/multiview_a11_v01_s06_e03.mp4,NoFALL,multiview,MV_s06,v01
videos/NoFALL/multiview_a11_v01_s07_e00.mp4,NoFALL,multiview,MV_s07,v01
videos/NoFALL/multiview_a11_v01_s07_e01.mp4,NoFALL,multiview,MV_s07,v01
videos/NoFALL/multiview_a11_v01_s07_e02.mp4,NoFALL,multiview,MV_s07,v01
videos/NoFALL/multiview_a11_v01_s07_e03.mp4,NoFALL,multiview,MV_s07,v01
videos/NoFALL/multiview_a11_v01_s08_e00.mp4,NoFALL,multiview,MV_s08,v01
videos/NoFALL/multiview_a11_v01_s08_e01.mp4,NoFALL,multiview,MV_s08,v01
videos/NoFALL/multiview_a11_v01_s08_e02.mp4,NoFALL,multiview,MV_s08,v01
videos/NoFALL/multiview_a11_v01_s08_e03.mp4,NoFALL,multiview,MV_s08,v01
videos/NoFALL/multiview_a11_v01_s08_e04.mp4,NoFALL,multiview,MV_s08,v01
videos/NoFALL/multiview_a11_v01_s08_e05.mp4,NoFALL,multiview,MV_s08,v01
videos/NoFALL/multiview_a11_v01_s09_e00.mp4,NoFALL,multiview,MV_s09,v01
videos/NoFALL/multiview_a11_v01_s09_e01.mp4,NoFALL,multiview,MV_s09,v01
videos/NoFALL/multiview_a11_v01_s09_e02.mp4,NoFALL,multiview,MV_s09,v01
videos/NoFALL/multiview_a11_v01_s09_e03.mp4,NoFALL,multiview,MV_s09,v01
videos/NoFALL/multiview_a11_v01_s10_e00.mp4,NoFALL,multiview,MV_s10,v01
videos/NoFALL/multiview_a11_v01_s10_e01.mp4,NoFALL,multiview,MV_s10,v01
videos/NoFALL/multiview_a11_v01_s10_e02.mp4,NoFALL,multiview,MV_s10,v01
videos/NoFALL/multiview_a11_v01_s10_e03.mp4,NoFALL,multiview,MV_s10,v01
videos/NoFALL/multiview_a11_v01_s10_e04.mp4,NoFALL,multiview,MV_s10,v01
videos/NoFALL/multiview_a11_v01_s10_e05.mp4,NoFALL,multiview,MV_s10,v01
videos/NoFALL/multiview_a11_v02_s01_e00.mp4,NoFALL,multiview,MV_s01,v02
videos/NoFALL/multiview_a11_v02_s01_e01.mp4,NoFALL,multiview,MV_s01,v02
videos/NoFALL/multiview_a11_v02_s01_e02.mp4,NoFALL,multiview,MV_s01,v02
videos/NoFALL/multiview_a11_v02_s01_e03.mp4,NoFALL,multiview,MV_s01,v02
videos/NoFALL/multiview_a11_v02_s01_e04.mp4,NoFALL,multiview,MV_s01,v02
videos/NoFALL/multiview_a11_v02_s02_e00.mp4,NoFALL,multiview,MV_s02,v02
videos/NoFALL/multiview_a11_v02_s02_e01.mp4,NoFALL,multiview,MV_s02,v02
videos/NoFALL/multiview_a11_v02_s02_e02.mp4,NoFALL,multiview,MV_s02,v02
videos/NoFALL/multiview_a11_v02_s02_e03.mp4,NoFALL,multiview,MV_s02,v02
videos/NoFALL/multiview_a11_v02_s02_e04.mp4,NoFALL,multiview,MV_s02,v02
videos/NoFALL/multiview_a11_v02_s03_e00.mp4,NoFALL,multiview,MV_s03,v02
videos/NoFALL/multiview_a11_v02_s03_e01.mp4,NoFALL,multiview,MV_s03,v02
videos/NoFALL/multiview_a11_v02_s03_e02.mp4,NoFALL,multiview,MV_s03,v02
videos/NoFALL/multiview_a11_v02_s03_e03.mp4,NoFALL,multiview,MV_s03,v02
videos/NoFALL/multiview_a11_v02_s03_e04.mp4,NoFALL,multiview,MV_s03,v02
videos/NoFALL/multiview_a11_v02_s04_e00.mp4,NoFALL,multiview,MV_s04,v02
videos/NoFALL/multiview_a11_v02_s04_e01.mp4,NoFALL,multiview,MV_s04,v02
videos/NoFALL/multiview_a11_v02_s04_e02.mp4,NoFALL,multiview,MV_s04,v02
videos/NoFALL/multiview_a11_v02_s04_e03.mp4,NoFALL,multiview,MV_s04,v02
videos/NoFALL/multiview_a11_v02_s05_e00.mp4,NoFALL,multiview,MV_s05,v02
videos/NoFALL/multiview_a11_v02_s05_e01.mp4,NoFALL,multiview,MV_s05,v02
videos/NoFALL/multiview_a11_v02_s05_e02.mp4,NoFALL,multiview,MV_s05,v02
videos/NoFALL/multiview_a11_v02_s05_e03.mp4,NoFALL,multiview,MV_s05,v02
videos/NoFALL/multiview_a11_v02_s05_e04.mp4,NoFALL,multiview,MV_s05,v02
videos/NoFALL/multiview_a11_v02_s05_e05.mp4,NoFALL,multiview,MV_s05,v02
videos/NoFALL/multiview_a11_v02_s06_e00.mp4,NoFALL,multiview,MV_s06,v02
videos/NoFALL/multiview_a11_v02_s06_e01.mp4,NoFALL,multiview,MV_s06,v02
videos/NoFALL/multiview_a11_v02_s06_e02.mp4,NoFALL,multiview,MV_s06,v02
videos/NoFALL/multiview_a11_v02_s06_e03.mp4,NoFALL,multiview,MV_s06,v02
videos/NoFALL/multiview_a11_v02_s06_e04.mp4,NoFALL,multiview,MV_s06,v02
videos/NoFALL/multiview_a11_v02_s07_e00.mp4,NoFALL,multiview,MV_s07,v02
videos/NoFALL/multiview_a11_v02_s07_e01.mp4,NoFALL,multiview,MV_s07,v02
videos/NoFALL/multiview_a11_v02_s07_e02.mp4,NoFALL,multiview,MV_s07,v02
videos/NoFALL/multiview_a11_v02_s07_e03.mp4,NoFALL,multiview,MV_s07,v02
videos/NoFALL/multiview_a11_v02_s07_e04.mp4,NoFALL,multiview,MV_s07,v02
videos/NoFALL/multiview_a11_v02_s08_e00.mp4,NoFALL,multiview,MV_s08,v02
videos/NoFALL/multiview_a11_v02_s08_e01.mp4,NoFALL,multiview,MV_s08,v02
videos/NoFALL/multiview_a11_v02_s08_e02.mp4,NoFALL,multiview,MV_s08,v02
videos/NoFALL/multiview_a11_v02_s08_e03.mp4,NoFALL,multiview,MV_s08,v02
videos/NoFALL/multiview_a11_v02_s08_e04.mp4,NoFALL,multiview,MV_s08,v02
videos/NoFALL/multiview_a11_v02_s09_e00.mp4,NoFALL,multiview,MV_s09,v02
videos/NoFALL/multiview_a11_v02_s09_e01.mp4,NoFALL,multiview,MV_s09,v02
videos/NoFALL/multiview_a11_v02_s09_e02.mp4,NoFALL,multiview,MV_s09,v02
videos/NoFALL/multiview_a11_v02_s09_e03.mp4,NoFALL,multiview,MV_s09,v02
videos/NoFALL/multiview_a11_v02_s09_e04.mp4,NoFALL,multiview,MV_s09,v02
videos/NoFALL/multiview_a11_v02_s10_e00.mp4,NoFALL,multiview,MV_s10,v02
videos/NoFALL/multiview_a11_v02_s10_e01.mp4,NoFALL,multiview,MV_s10,v02
videos/NoFALL/multiview_a11_v02_s10_e02.mp4,NoFALL,multiview,MV_s10,v02
videos/NoFALL/multiview_a11_v02_s10_e03.mp4,NoFALL,multiview,MV_s10,v02
videos/NoFALL/multiview_a12_v01_s01_e00.mp4,NoFALL,multiview,MV_s01,v01
videos/NoFALL/multiview_a12_v01_s01_e01.mp4,NoFALL,multiview,MV_s01,v01
videos/NoFALL/multiview_a12_v01_s01_e02.mp4,NoFALL,multiview,MV_s01,v01
videos/NoFALL/multiview_a12_v01_s01_e03.mp4,NoFALL,multiview,MV_s01,v01
videos/NoFALL/multiview_a12_v01_s01_e04.mp4,NoFALL,multiview,MV_s01,v01
videos/NoFALL/multiview_a12_v01_s02_e00.mp4,NoFALL,multiview,MV_s02,v01
videos/NoFALL/multiview_a12_v01_s02_e01.mp4,NoFALL,multiview,MV_s02,v01
videos/NoFALL/multiview_a12_v01_s02_e02.mp4,NoFALL,multiview,MV_s02,v01
videos/NoFALL/multiview_a12_v01_s02_e03.mp4,NoFALL,multiview,MV_s02,v01
videos/NoFALL/multiview_a12_v01_s02_e04.mp4,NoFALL,multiview,MV_s02,v01
videos/NoFALL/multiview_a12_v01_s03_e00.mp4,NoFALL,multiview,MV_s03,v01
videos/NoFALL/multiview_a12_v01_s03_e01.mp4,NoFALL,multiview,MV_s03,v01
videos/NoFALL/multiview_a12_v01_s03_e02.mp4,NoFALL,multiview,MV_s03,v01
videos/NoFALL/multiview_a12_v01_s03_e03.mp4,NoFALL,multiview,MV_s03,v01
videos/NoFALL/multiview_a12_v01_s04_e00.mp4,NoFALL,multiview,MV_s04,v01
videos/NoFALL/multiview_a12_v01_s04_e01.mp4,NoFALL,multiview,MV_s04,v01
videos/NoFALL/multiview_a12_v01_s04_e02.mp4,NoFALL,multiview,MV_s04,v01
videos/NoFALL/multiview_a12_v01_s04_e03.mp4,NoFALL,multiview,MV_s04,v01
videos/NoFALL/multiview_a12_v01_s04_e04.mp4,NoFALL,multiview,MV_s04,v01
videos/NoFALL/multiview_a12_v01_s04_e05.mp4,NoFALL,multiview,MV_s04,v01
videos/NoFALL/multiview_a12_v01_s05_e00.mp4,NoFALL,multiview,MV_s05,v01
videos/NoFALL/multiview_a12_v01_s05_e01.mp4,NoFALL,multiview,MV_s05,v01
videos/NoFALL/multiview_a12_v01_s05_e02.mp4,NoFALL,multiview,MV_s05,v01
videos/NoFALL/multiview_a12_v01_s05_e03.mp4,NoFALL,multiview,MV_s05,v01
videos/NoFALL/multiview_a12_v01_s05_e04.mp4,NoFALL,multiview,MV_s05,v01
videos/NoFALL/multiview_a12_v01_s06_e00.mp4,NoFALL,multiview,MV_s06,v01
videos/NoFALL/multiview_a12_v01_s06_e01.mp4,NoFALL,multiview,MV_s06,v01
videos/NoFALL/multiview_a12_v01_s06_e02.mp4,NoFALL,multiview,MV_s06,v01
videos/NoFALL/multiview_a12_v01_s06_e03.mp4,NoFALL,multiview,MV_s06,v01
videos/NoFALL/multiview_a12_v01_s06_e04.mp4,NoFALL,multiview,MV_s06,v01
videos/NoFALL/multiview_a12_v01_s06_e05.mp4,NoFALL,multiview,MV_s06,v01
videos/NoFALL/multiview_a12_v01_s07_e00.mp4,NoFALL,multiview,MV_s07,v01
videos/NoFALL/multiview_a12_v01_s07_e01.mp4,NoFALL,multiview,MV_s07,v01
videos/NoFALL/multiview_a12_v01_s07_e02.mp4,NoFALL,multiview,MV_s07,v01
videos/NoFALL/multiview_a12_v01_s07_e03.mp4,NoFALL,multiview,MV_s07,v01
videos/NoFALL/multiview_a12_v01_s07_e04.mp4,NoFALL,multiview,MV_s07,v01
videos/NoFALL/multiview_a12_v01_s08_e00.mp4,NoFALL,multiview,MV_s08,v01
videos/NoFALL/multiview_a12_v01_s08_e01.mp4,NoFALL,multiview,MV_s08,v01
videos/NoFALL/multiview_a12_v01_s08_e02.mp4,NoFALL,multiview,MV_s08,v01
videos/NoFALL/multiview_a12_v01_s08_e03.mp4,NoFALL,multiview,MV_s08,v01
videos/NoFALL/multiview_a12_v01_s08_e04.mp4,NoFALL,multiview,MV_s08,v01
videos/NoFALL/multiview_a12_v01_s10_e00.mp4,NoFALL,multiview,MV_s10,v01
videos/NoFALL/multiview_a12_v01_s10_e01.mp4,NoFALL,multiview,MV_s10,v01
videos/NoFALL/multiview_a12_v01_s10_e02.mp4,NoFALL,multiview,MV_s10,v01
videos/NoFALL/multiview_a12_v01_s10_e03.mp4,NoFALL,multiview,MV_s10,v01
videos/NoFALL/multiview_a12_v01_s10_e04.mp4,NoFALL,multiview,MV_s10,v01
videos/NoFALL/multiview_a12_v02_s01_e00.mp4,NoFALL,multiview,MV_s01,v02
videos/NoFALL/multiview_a12_v02_s01_e01.mp4,NoFALL,multiview,MV_s01,v02
videos/NoFALL/multiview_a12_v02_s01_e02.mp4,NoFALL,multiview,MV_s01,v02
videos/NoFALL/multiview_a12_v02_s01_e03.mp4,NoFALL,multiview,MV_s01,v02
videos/NoFALL/multiview_a12_v02_s01_e04.mp4,NoFALL,multiview,MV_s01,v02
videos/NoFALL/multiview_a12_v02_s02_e00.mp4,NoFALL,multiview,MV_s02,v02
videos/NoFALL/multiview_a12_v02_s02_e01.mp4,NoFALL,multiview,MV_s02,v02
videos/NoFALL/multiview_a12_v02_s02_e02.mp4,NoFALL,multiview,MV_s02,v02
videos/NoFALL/multiview_a12_v02_s02_e03.mp4,NoFALL,multiview,MV_s02,v02
videos/NoFALL/multiview_a12_v02_s02_e04.mp4,NoFALL,multiview,MV_s02,v02
videos/NoFALL/multiview_a12_v02_s03_e00.mp4,NoFALL,multiview,MV_s03,v02
videos/NoFALL/multiview_a12_v02_s03_e01.mp4,NoFALL,multiview,MV_s03,v02
videos/NoFALL/multiview_a12_v02_s03_e02.mp4,NoFALL,multiview,MV_s03,v02
videos/NoFALL/multiview_a12_v02_s03_e03.mp4,NoFALL,multiview,MV_s03,v02
videos/NoFALL/multiview_a12_v02_s03_e04.mp4,NoFALL,multiview,MV_s03,v02
videos/NoFALL/multiview_a12_v02_s03_e05.mp4,NoFALL,multiview,MV_s03,v02
videos/NoFALL/multiview_a12_v02_s04_e00.mp4,NoFALL,multiview,MV_s04,v02
videos/NoFALL/multiview_a12_v02_s04_e01.mp4,NoFALL,multiview,MV_s04,v02
videos/NoFALL/multiview_a12_v02_s04_e02.mp4,NoFALL,multiview,MV_s04,v02
videos/NoFALL/multiview_a12_v02_s04_e03.mp4,NoFALL,multiview,MV_s04,v02
videos/NoFALL/multiview_a12_v02_s04_e04.mp4,NoFALL,multiview,MV_s04,v02
videos/NoFALL/multiview_a12_v02_s04_e05.mp4,NoFALL,multiview,MV_s04,v02
videos/NoFALL/multiview_a12_v02_s05_e00.mp4,NoFALL,multiview,MV_s05,v02
videos/NoFALL/multiview_a12_v02_s05_e01.mp4,NoFALL,multiview,MV_s05,v02
videos/NoFALL/multiview_a12_v02_s05_e02.mp4,NoFALL,multiview,MV_s05,v02
videos/NoFALL/multiview_a12_v02_s05_e03.mp4,NoFALL,multiview,MV_s05,v02
videos/NoFALL/multiview_a12_v02_s05_e04.mp4,NoFALL,multiview,MV_s05,v02
videos/NoFALL/multiview_a12_v02_s06_e01.mp4,NoFALL,multiview,MV_s06,v02
videos/NoFALL/multiview_a12_v02_s06_e02.mp4,NoFALL,multiview,MV_s06,v02
videos/NoFALL/multiview_a12_v02_s06_e03.mp4,NoFALL,multiview,MV_s06,v02
videos/NoFALL/multiview_a12_v02_s06_e04.mp4,NoFALL,multiview,MV_s06,v02
videos/NoFALL/multiview_a12_v02_s07_e00.mp4,NoFALL,multiview,MV_s07,v02
videos/NoFALL/multiview_a12_v02_s07_e01.mp4,NoFALL,multiview,MV_s07,v02
videos/NoFALL/multiview_a12_v02_s07_e02.mp4,NoFALL,multiview,MV_s07,v02
videos/NoFALL/multiview_a12_v02_s07_e03.mp4,NoFALL,multiview,MV_s07,v02
videos/NoFALL/multiview_a12_v02_s07_e04.mp4,NoFALL,multiview,MV_s07,v02
videos/NoFALL/multiview_a12_v02_s08_e00.mp4,NoFALL,multiview,MV_s08,v02
videos/NoFALL/multiview_a12_v02_s08_e01.mp4,NoFALL,multiview,MV_s08,v02
videos/NoFALL/multiview_a12_v02_s08_e02.mp4,NoFALL,multiview,MV_s08,v02
videos/NoFALL/multiview_a12_v02_s08_e03.mp4,NoFALL,multiview,MV_s08,v02
videos/NoFALL/multiview_a12_v02_s08_e04.mp4,NoFALL,multiview,MV_s08,v02
videos/NoFALL/multiview_a12_v02_s09_e00.mp4,NoFALL,multiview,MV_s09,v02
videos/NoFALL/multiview_a12_v02_s09_e01.mp4,NoFALL,multiview,MV_s09,v02
videos/NoFALL/multiview_a12_v02_s09_e02.mp4,NoFALL,multiview,MV_s09,v02
videos/NoFALL/multiview_a12_v02_s09_e03.mp4,NoFALL,multiview,MV_s09,v02
videos/NoFALL/multiview_a12_v02_s09_e04.mp4,NoFALL,multiview,MV_s09,v02
videos/NoFALL/multiview_a12_v02_s10_e00.mp4,NoFALL,multiview,MV_s10,v02
videos/NoFALL/multiview_a12_v02_s10_e01.mp4,NoFALL,multiview,MV_s10,v02
videos/NoFALL/multiview_a12_v02_s10_e02.mp4,NoFALL,multiview,MV_s10,v02
videos/NoFALL/multiview_a12_v02_s10_e03.mp4,NoFALL,multiview,MV_s10,v02
videos/NoFALL/multiview_a12_v02_s10_e04.mp4,NoFALL,multiview,MV_s10,v02
